,,,,,,,,,,,,,,,
,ID,MEM NO,START DATE,EXPIRE DATE,AMT,BRANCH,SALES,PACKAGE,TITLE,NAME,CONDO/HSE,ROOM/UNIT,MOBILE,EMAIL,REMARKS
,2,CC2001,2020-11-28,2020-12-27,600,CIRCLE CONDO,EARN,30 PCS W+I+F,MR,JOHN,CIRCLE CONDO,2902,+66 81 734 6766,,
,3,CC2002,2020-12-01,2020-12-31,900,CIRCLE CONDO,EARN,60PCS W+I+F,MS.,EVE,CIRCLE CONDO,1801,+66 81 585 3829,,
,1,CC2003,2020-12-03,2021-06-02,4000,CIRCLE CONDO,EARN,DRY CLEAN 40 PCS,MRS.,DINH,CIRCLE CONDO,2508,+66 80 636 0451,,
,4,CC2004,2020-12-07,2021-06-06,6000,CIRCLE CONDO,EARN,6000 CASH ACCT,MS.,AEY,CIRCLE CONDO,2111,+66 95 954 5701,,
,5,RA2007,2020-12-04,2021-06-03,3000,RHYTHM ASOKE,JUSTIN,3000 CASH ACCT,MR.,RYAN THONG,NOBILE RATCHADA 2,42/727,+66 86 337 6575,,
,8,SR2006,2020-12-03,2021-06-02,1600,15 SUKHUMVIT,SUKANYA,5FT LINEN X 5,MS.,NICHA ATTAYAJIRAKUL,LIFE ONE WIRELESS,,+66 83 552 4946,,ต่อแพ็คเกจจำนวนเงิน2000+300
,7,SR2006,2020-11-30,2021-11-07,2000,15 SUKHUMVIT,SUKANYA,"2,000 + 300 
(CASH ACCT)",MS.,NICHA ATTAYAJIRAKUL,LIFE ONE WIRELESS,,+66 83 552 4946,,
,9,RA2001,17/08/2020,-,5000,RHYTHM ASOKE,TITINAM,"5000 + 1000 
(CASH ACCT)",MS.,LAURA JIANG,RHYTHM ASOKE,,+66 85 195 4419,,
,10,RA2002,21/10/2020,20/12/2020,600,RHYTHM ASOKE,JUSTIN,30 PCS W+I+F,MR.,MARCO,BELLE CONDO,,+66 91 875 6976,,
,11,RA2003,28/10/2020,,1600,RHYTHM ASOKE,,80 PCS W+I+H,MS.,สุนิสา,,,+66 99 282 9287,,
,12,RA2004,2020-06-11,2021-05-01,600,RHYTHM ASOKE,KHWANRUDEE,30 PCS W+I+F,MS.,สิริวิภา,RHYTHM ASOKE,,+66 95 721 8554,,
,13,RA2005,23/11/2020,,3000,RHYTHM ASOKE,JUSTIN,"3,000 + 500 
(PACKAGE)",MR.,KIM BYUNGSOO,LIFE ASOKE RAMA 9,,+66 62 353 7040,,
,14,RA2006,25/11/2020,24/5/2021,6000,RHYTHM ASOKE,SUKANYA,"6,000 + 1,500 
(PACKAGE)",MS.,WIRATTANAPORN,,,+66 89 802 6422,,
,15,RA2008,2020-07-12,2021-06-01,600,RHYTHM ASOKE,KHWANRUDEE,30 PCS W+I+F,MR.,BEULAH,RHYTHM ASOKE,,+66 84 518 3320,,
,19,SR2007,2019-07-04,,3000,15 SUKHUMVIT,JUSTIN ,"3,000 + 1,000
(CASH ACCT)",MS.,CHRISTINE,15 SUKHUMVIT RESIDENCES,12/385,+66 81 449 1083,,
,21,SR2008,18/11/19,,3000,15 SUKHUMVIT,JUSTIN ,"3,000 + 1,000
(CASH ACCT)",MS.,AMI HAIM,RADOISON S13,906,+66 81 923 8367 ,,
,22,SR2009,2020-12-11,2021-12-10,4000,15 SUKHUMVIT ,JUSTIN,DRY CLEAN 40 PCS,MR. ,TOMMY BURNS,WHIZDOM CONNECT SUKHUMVIT 101,,+66 94 768 2515,,
,23,SR2010,2020-12-11,2021-01-10,600,15 SUKHUMVIT ,SUKANYA,60 PCS IRON,MS.,MEETA,39 SUITES SUKHUMVIT 39,,+66 81 903 0597,,
,24,SR2011,2020-12-12,2021-01-11,750,15 SUKHUMVIT ,SUKANYA,30 PCS W+I+H,MR. ,RICHARD,LE CORD SUKHUMVIT 14,,+66 98 550 7566,,
,25,CC2005,14/12/20,13/06/21,3000,CIRCLE CONDO,EARN,"3,000 + 500 
(PACKAGE)",MR.,MOHAMMAD,CIRCLE CONDO,1103 TOWER 2,+66 95 649 3094,,
,26,CC2006,14/12/20,13/01/21,900,CIRCLE CONDO,EARN,60PCS W+I+F,MR.,กำแหง สีหะจันทร์,CIRCLE CONDO,1804 TOWER 2,่'+66 91 729 8143,,
,27,SR2012,21/12/20,20/01/21,900,15 SUKHUMVIT ,SUKANYA,60PCS W+I+F,MR.,MATTHEW,15 SUKHUMVIT RESIDENCES,,+66 98 280 5058,,
,29,RA2009,13/1/21,2021-12-07,฿2000,RHYTHM ASOKE,KHWANRUDEE,"2,000 + 300 W+F
(PACKAGE)",MR.,นุวัติ,RHYTHM ASOKE,,+66 81 622 1232,,
,30,CC2007,14/1/21,13/7/21,฿2000,CIRCLE CONDO,EARN,"2,000 + 300 
(PACKAGE)",MR,JOHN,CIRCLE CONDO,2902,+66 81 734 6766,,
,30,SR2014,18/01/2021,17/07/2021,6000,15 SUKHUMVIT ,JUSTIN,"6,000 + 1,500 
(PACKAGE)",MS.,SHIERI MORRISON,SIRI ON 8,,+66 81 875 7137,,
,31,RA2010,20/01/2021,19/07/2021,฿2000,RHYTHM ASOKE,KHWANRUDEE,"2,000 + 300 
(PACKAGE)",MS.,LAURA LIM,RHYTHM ASOKE,,+66 93 321 1614,,
NE,MEMBER NO,START DATE,EXPIRE DATE,AMT,BRANCH,SALES,PACKAGE,TITLE,NAME,CONDO/HSE,ROOM/UNIT,MOBILE,EMAIL,REMARKS,,,,,,,,,,,
1,SR2001,15/3/2020,-,5000,15 SUKHUMVIT,SUKANYA,"5,000 + 1,000
(CASH ACCT)",MR.,SHANE WALHCS,SIRI ON 8,,+66 92 489 5054,,,,,,,,,,,,,
2,SR2002,2020-09-04,,3000,15 SUKHUMVIT,JUSTIN,"3,000 +1,000
(CASH ACCT)",MR. ,THOMAS,15 SUKHUMVIT RESIDENCES,12/374,+66 95 967 6657,,ต่อแพ็คเกจจำนวนเงิน 3000+500  28/1/21-27/7/21,,,,,,,,,,,
3,SR2003,2020-09-04,,3000,15 SUKHUMVIT,JUSTIN,"3,000 +1,000
(CASH ACCT)",MR. ,JUSTIN ,15 SUKHUMVIT RESIDENCES,ROOM  ,+66 88 894 9645,,,,,,,,,,,,,
4,SR2004,2020-12-04,2021-01-03,600,15 SUKHUMVIT,SUKANYA,30PCS W+I+F,MS.,DANG,TRENDY,,,,NOIT KWWN TO RENEW,,,,,,,,,,,
5,SR2005,23/7/2019,,3000,15 SUKHUMVIT,JUSTIN ,"3,000 + 1,000
(CASH ACCT)",MR. ,MEI-SFC,,,+66 84 435 9203,,,,,,,,,,,,,
6,SR2006,2020-12-03,2021-06-02,1600,15 SUKHUMVIT,SUKANYA,"3,000 + 500 
(PACKAGE)",MS.,NICHA ATTAYAJIRAKUL,LIFE ONE WIRELESS,,+66 83 552 4946,,ต่อแพ็กเกจจำนวนเงิน 2000+300 12/1/21--11/7/21 3000+500 3/2/21--2/8/21 6000+2000  02/03/21/01/09/21    ,,,,,,,,,,,
7,SR2007,2019-07-04,,3000,15 SUKHUMVIT,JUSTIN ,"3,000 + 1,000
(CASH ACCT)",MS.,CHRISTINE,15 SUKHUMVIT RESIDENCES,12/385,+66 81 449 1083,,,,,,,,,,,,,
8,SR2008,,,3000,15 SUKHUMVIT,JUSTIN ,"3,000 + 1,000
(CASH ACCT)",MS.,AMI HAIM,RADOISON S13,906,+66 81 923 8367 ,,,,,,,,,,,,,
9,SR2009,2020-12-11,2021-12-10,4000,15 SUKHUMVIT ,JUSTIN,DRY CLEAN 40 PCS,MR. ,TOMMY BURNS,WHIZDOM CONNECT SUKHUMVIT 101,,+66 94 768 2515,,,,,,,,,,,,,
10,SR2010,2020-12-11,2021-02-28,600,15 SUKHUMVIT ,SUKANYA,60 PCS IRON,MS.,MEETA,39 SUITES SUKHUMVIT 39,,+66 81 903 0597,,,,,,,,,,,,,
11,SR2011,2020-12-12,2021-01-11,750,15 SUKHUMVIT ,SUKANYA,30 PCS W+I+H,MR. ,RICHARD,LE CORD SUKHUMVIT 14,,+66 98 550 7566,,ลูกค้าไปต่างประเทศ กลับมาเดือนมีนาคม,,,,,,,,,,,
12,SR2012,21/12/20,31/01/21,900,15 SUKHUMVIT ,SUKANYA,60PCS W+I+F,MR.,MATTHEW SILVESTER,15 SUKHUMVIT RESIDENCES,,+66 98 280 5058,,,,,,,,,,,,,
13,SR2013,2021-02-12,2021-08-11,2000,15 SUKHUMVIT ,M,"2,000 + 300 
(PACKAGE)",MS.,ยู,the park em district,,.+66 98 904 0777,,ต่อแพ็คเกจจำนวนเงิน 2000+300 21/2/21-20/8/21 20/03/21-19/08/21,,,,,,,,,,,
14,SR2014,18/01/2021,17/07/2021,6000,15 SUKHUMVIT ,JUSTIN,"6,000 + 1,500 
(PACKAGE)",MS.,SHIERI MORRISON,SIRI ON 8,,+66 81 875 7137,,,,,,,,,,,,,
15,SR2015,2021-07-03,2021-06-09,2000,15 SUKHUMVIT ,M,"2,000 + 300 
(PACKAGE)",MS.,Sasitorn,the park em district,,+66 83 742 8855,,,,,,,,,,,,,
15,SR2016,15/03/2021,14/08/2021,2000,15 SUKHUMVIT ,JUSTIN,"2,000 + 300 
(PACKAGE)",MR.,MEHRA,HYDE SUHUMVIT13,1/46,+66 63 412 5513,,,,,,,,,,,,,
16,SR2017,27/04/2021,26/9/2021,5000,15 SUKHUMVIT ,JUSTIN,"5,000 + 1,000
(PACKAGE)",MS.,OLIVIA OVERS,15 SUKHUMVIT RESIDENCES,12/348,+66 61 346 9881,,,,,,,,,,,,,
17,SR2018,17/05/2021,16/10/2021,2000,15 SUKHUMVIT ,MO,"2,000 +100 
(PACKAGE)",MR.,PREM JAIN,15 SUKHUMVIT RESIDENCES,,+66 87 555 0195,,,,,,,,,,,,,
18,SR2019,28/05/21,27/10/21,2000,15 SUKHUMVIT ,MO,"2,000 +100 
(PACKAGE)",MS.,PAVANI GUJJULA,15 SUKHUMVIT RESIDENCES,,",+66 92 246 0639",,,,,,,,,,,,,
19,SR2020,30/05/21,29/10/21,2000,15 SUKHUMVIT ,M,"2,000 +100 
(PACKAGE)",MS.,แพท (PAT),15 SUKHUMVIT RESIDENCES,R.236,",+66 82 191 7077",,,,,,,,,,,,,
20,SR2021,2021-07-06,2021-06-11,2000,15 SUKHUMVIT ,MO,"2,000 +100 
(PACKAGE)",MS.,Larmy,15 SUKHUMVIT RESIDENCES,,",+66 99 121 7408",,,,,,,,,,,,,
21,SR2022,2021-08-06,2021-07-11,2000,15 SUKHUMVIT,M,"2,000 +100 
(PACKAGE)",MR.,TIMO HERBST,NOBLE BE 19 ,R 367,",+66 63 227 4653",,,,,,,,,,,,,
22,SR2023,21/06/21,20/12/21,3000,15 SUKHUMVIT ,M,"3,000 + 150
(PACKAGE)",MR,MORTEN AASHEIM,15 SUKHUMVIT RESIDENCES,12/413,+66 87 922 3342,,,,,,,,,,,,,
23,SR2024,19/06/21,18/12/21,3000,15 SUKHUMVIT ,M,"3,000 + 150
(PACKAGE)",MR. ,พศ,15 SUKHUMVIT RESIDENCES,12/226,+66 63 078 5350,,,,,,,,,,,,,
24,SR2025,19/7/21,18/1/22,2000,15 SUKHUMVIT ,,"2,000 + 100
(PACKAGE)",MR. ,DANIEL SARAIGH,15 SUKHUMVIT RESIDENCES,12/320,+66 61 992 8100,,,,,,,,,,,,,
25,SR2026,2021-06-09,2021-05-03,2000,15 SUKHUMVIT ,M,"2,000 + 100
(PACKAGE)",CO,ZEN ZEN CLNIC ,TRENDY BUILDING ,2021-10-24,+66 96 343 8896,,,,,,,,,,,,,
26,SR2027,25/9/21,24/3/22,2000,15 SUKHUMVIT ,M,"2,000 + 100
(PACKAGE)",MS.,มะม่วง / วีด้า,,,+66 96 824 5622,,,,,,,,,,,,,
27,SR2028,29/9/21,28/3/22,2000,15 SUKHUMVIT ,M,"2,000 + 100
(PACKAGE)",MR.,JOSEPH CS TOH,15 SUKHUMVIT RESIDENCES,12/186,+66 62 957 8848,,,,,,,,,,,,,
28,SR2029,2021-01-10,31/3/22,2000,15 SUKHUMVIT ,M,"2,000 + 100
(PACKAGE)",MS. ,KANALA HARUANPHOK,NOBLE 19,,+66 88 882 1234,,,,,,,,,,,,,
29,SR2030,2021-02-10,2022-01-04,2000,15 SUKHUMVIT ,MAI,"2,000 + 100
(PACKAGE)",MS. ,LAKHANA,SALIL HOTEL ,804,+66 96 926 5741,,,,,,,,,,,,,
30,SR2031,2021-11-10,2022-10-04,3000,15 SUKHUMVIT,M,"3,000 + 150
(PACKAGE)",MR.,KAMONSAK,15 SUKHUMVIT RESIDENCES,,+66 86 544 0034,,,,,,,,,,,,,
31,SR2032,18/10/21,17/4/22,2000,15 SUKHUMVIT,M,"2,000 + 100
(PACKAGE)",MS,DAO,15 SUKHUMVIT RESIDENCES,,+66 95 264 4597 ,,,,,,,,,,,,,
32,SR2033,27/10/21,17/4/22,2000,15 SUKHUMVIT,M,"2,000 + 100
(PACKAGE)",MR,EDWARD,15 SUKHUMVIT RESIDENCES,,+66 65 601 5772,,,,,,,,,,,,,
33,SR2034,2021-07-11,6/5//22,2000,15 SUKHUMVIT,M,"2,000 + 100
(PACKAGE)",MR,TRAVOR AHWENYE,NOBLE 19,,+66 95 841 8374,,,,,,,,,,,,,
34,SR2035,30/11/21,1/06/22,2000,15 SUKHUMVIT,M,"2,000 + 100
(PACKAGE)",MR.,MEAN,"CHEWATHAI RESIDENCE 
ASOKE",,+66 90 552 9415,,,,,,,,,,,,,
35,SR2036,30/11/21,1/06/22,3000,15 SUKHUMVIT,M,"3,000 + 150
(PACKAGE)",MR.,FACORAT FABRICE,15 SUKHUMVIT RESIDENCES,,+66 65 889 9461,,,,,,,,,,,,,
36,SR2037,13/12/21,2022-12-06,2000,15 SUKHUMVIT,M,"2,000 + 100
(PACKAGE)",MR.,TAUFIQUL ISLAM ,,,+66 93 560 4065,354747,COCKTAIL PRO,,,,,,,,,,,
37,SR2038,18/12/21,17/6/22,3000,15 SUKHUMVIT,M,"3,000 + 150
(PACKAGE)",MS. ,LINDA WOO,,,+66 94 815 9810,,,,,,,,,,,,,
38,SR2039,21/12/21,20/6/22,2000,15 SUKHUMVIT,JUSTIN,"2,000 + 100
(PACKAGE)",MS. ,"PHORNTHIP PEDERSEN
โบว์วี่",THE ROOM 21,69/201,+66 95 949 3195,,,,,,,,,,,,,
39,SR2040,23/1/22,22/7/22,2000,15 SUKHUMVIT,M,"2,000 + 100
(PACKAGE)",K,MAYYUKO,,,+66 99 474 4275,,,,,,,,,,,,,
40,SR2041,26/1/22,25/7/22,2000,15 SUKHUMVIT,M,"2,000 + 100
(PACKAGE)",K,ALLEN,,,+66 87 925 5711,,,,,,,,,,,,,
41,SR2042,06/02/22,05/8/22,2000,15 SUKHUMVIT,M,"2,000 + 100
(PACKAGE)",K,GOT,NOBLE BE 19,363,+66 86 567 1516,,,,,,,,,,,,,
42,SR2043,07/02/0222,2022-06-08,2000,15 SUKHUMVIT,M,"2,000 + 100
(PACKAGE)",K,KOHNWILAI,CIRCLE LIVING PROTOTYPE ,115,+66 81 250 7358,,,,,,,,,,,,,
43,SR2044,2022-12-02,2022-11-07,2000,15 SUKHUMVIT,M,"2,000 + 100
(PACKAGE)",K,FLORA,NOBLE BE 19,,+66 95 665 4383,,,,,,,,,,,,,
44,SR2045,18//2/2022,19/8/22,2000,15 SUKHUMVIT,JUSTIN,"2,000 + 100
(PACKAGE)",MR. ,DEVESH BELBASE(ESH),NOBLE RECOLE ,222,+66 82 540 0371,,,,,,,,,,,,,
45,SR2046,16/2/2022,17/8/2022,3000,15 SUKHUMVIT,M,"3,000 + 150
(PACKAGE)",K,SHIGEO YAHILR,COURTYARD BY MARRIOT,,+66 81 813 6643,,,,,,,,,,,,,
46,SR2047,16/2/2022,17/8/2022,2000,15 SUKHUMVIT,M,"2,000 + 100
(PACKAGE)",K,ANDREA DICASTRO,HYDE 13,,+66 90 896 0192,,,,,,,,,,,,,
47,SR2048,03/03/2022,,2000,15 SUKHUMVIT,M,"2,000 + 100
(PACKAGE)",K,BRADLEY GUSRRANT,EURO CLASSIE CONDO,,+66 94 341 2536,,,,,,,,,,,,,
48,SR2049,07/03/22,,2000,15 SUKHUMVIT,M,"2,000 + 100
(PACKAGE)",K,JOO TEY,ALOFT HOTEL,,+66 83 446 4886,,,,,,,,,,,,,
49,SR2050,08/03/22,,2000,15 SUKHUMVIT,M,"2,000 + 100
(PACKAGE)",K,TONG,,,+66 98 996 5500,,,,,,,,,,,,,
50,SR2051,20/3/22,,2000,15 SUKHUMVIT,M,"2,000 + 100
(PACKAGE)",K,AOF (ATTAPORN),NOBLE BE 19,,+66 97 249 3664,,,,,,,,,,,,,
51,SR2052,26/03/22,,2000,15 SUKHUMVIT,M,"2,000 + 100
(PACKAGE)",K,PLOY,,,+66 88 694 6336,,,,,,,,,,,,,
52,SR2053,2022-09-04,,2000,15 SUKHUMVIT,M,"2,000 + 100
(PACKAGE)",K,DANIEL TUVBIAK,,,+66 63 352 6190,,,,,,,,,,,,,
53,SR2054,18/4/22,,2000,15 SUKHUMVIT,TOR,"2,000 + 100
(PACKAGE)",K. ,JIRAYUT (จีรายุทธ),,, '+66 81 821 9737,,,,,,,,,,,,,
54,SR2055,20/4/22,19/10/22,3000,15 SUKHUMVIT,AMP,"3,000 + 150
(PACKAGE)",K. ,BELL, ,,+66 83 236 9461,,,,,,,,,,,,,
55,SR2056,20/4/22,19/10/22,2000,15 SUKHUMVIT,AMP,"2,000 + 100
(PACKAGE)",K. ,SAW CHAN ,,,+66 82 718 7870,,,,,,,,,,,,,
56,SR2057,",08/05/22",,2000,15 SUKHUMVIT,AMP,"2,000 + 100
(PACKAGE)",K. ,FELKO BOUHES,,,+66 64 007 4976,,,,,,,,,,,,,
57,SR2058,15/05/22,,2000,15 SUKHUMVIT,AMP,"2,000 + 100
(PACKAGE)",K. ,POP,NOBLE BE 19,,+66 97 323 5628 ,,,,,,,,,,,,,
58,SR2059,2/06/22,,2000,15 SUKHUMVIT,TOR,"2,000 + 100
(PACKAGE)",K. ,CHRISTOFER OLSSON,SUKHUMVIT SUITES,,+66 62 612 5173,,,,,,,,,,,,,
59,SR2060,22/06/22,,2000,15 SUKHUMVIT,M,"2,000 + 100
(PACKAGE)",K. ,SUEN,SOFITEL ROOM 1907,,+66 61 804 1497,,,,,,,,,,,,,
60,SR2061,01/07/22,,3000,15 SUKHUMVIT,M,"3,000 + 150
(PACKAGE)",K. ,MARK,15 SUKHUMVIT,,+66 80 804 3669,,,,,,,,,,,,,
61,SR2062,01/07/22,,2000,15 SUKHUMVIT,M,"2,000 + 100
(PACKAGE)",K. ,JU WON,15 SUKHUMVIT,,+66 90 928 3379,,,,,,,,,,,,,
62,SR2063,2022-06-07,,2000,15 SUKHUMVIT,M,"2,000 + 100
(PACKAGE)",K. ,RIAZ,15 SUKHUMVIT,,+66 95 056 5770,,,,,,,,,,,,,
63,SR2064,2022-12-07,,3000,15 SUKHUMVIT,M,"2,000 + 100
(PACKAGE)",K. ,KEITH,BE19 #89/156,,+66 92 749 7014,,,,,,,,,,,,,
64,SR2065,22/07/22,,2000,15 SUKHUMVIT,M,"2,000 + 100
(PACKAGE)",K. ,RAVI SAMITHADASA,,,+66 98 88 6574,,,,,,,,,,,,,
65,SR2066,24/07/22,,3000,15 SUKHUMVIT,M,"3,000 + 150
(PACKAGE)",K. ,BADER BANAEIR,SOLITAIRE SUKHUMVIT2,ROOM307,,,,,,,,,,,,,,
66,SR2067,25/07/22,,2000,15 SUKHUMVIT,M,"2,000 + 100
(PACKAGE)",K. ,THIM S.CHIEW,NOBLE BE 19,265,+66 82 318 3663,,,,,,,,,,,,,
67,SR2068,31/07/22,,5000,15 SUKHUMVIT,M,"5,000 + 500
(PACKAGE)",K. ,IGOR JANKOVIC,,,+66 97 131 2740,,,,,,,,,,,,,
68,SR2069,2022-03-08,,2000,15 SUKHUMVIT,M,"2,000
(PACKAGE)",K. ,AMY RAYA,HYDG 13 1/300,,+66 95 287 8513,,,,,,,,,,,,,
69,SR2070,2022-04-07,,2000,15 SUKHUMVIT,M,"2,000
(PACKAGE)",K. ,JENA,15 SUKHUMVIT,,+66 96 796 3015,,,,,,,,,,,,,
70,SR2071,2022-10-08,,2000,15 SUKHUMVIT,M,"2,000
(PACKAGE)",K. ,SU YU  CHI,,,+66 82 228 7441,,,,,,,,,,,,,
71,SR2072,2022-03-09,,3000,15 SUKHUMVIT,M,"3,000 + 150
(PACKAGE)",K,กาญจนา สงวนหล่อสิทธิ์,,,+66 85 484 2732,,,,,,,,,,,,,
72,SR2073,13/9/22,,3000,15 SUKHUMVIT,M,"3,000 + 150
(PACKAGE)",K,MICHELLE,15 SUKHUMVIT,12/184,+66 80 070 1171,,,,,,,,,,,,,
73,SR2074,2022-05-10,,2000,15 SUKHUMVIT,M,"2,000
(PACKAGE)",K,CHEON EUN JAE,15 SUKHUMVIT,12/430,+66 97 085 2303,,,,,,,,,,,,,
74,SR2075,16/11/22,,3000,15 SUKHUMVIT,M,"3,000 + 150
(PACKAGE)",K,กรนภา บุญพิสุทธ์ศิลป์ (KORNNAPA),NOBLE BE 19,,+66 99 416 2959,,,,,,,,,,,,,
75,SR2076,19/11/22,,2000,15 SUKHUMVIT,M,"2,000
(PACKAGE)",K,KIM KYUNG EUN,,,+66 98 008 5713,,,,,,,,,,,,,
76,SR2077,20/11/22,,2000,15 SUKHUMVIT,M,"2,000
(PACKAGE)",K,PAT,,,+66 86 038 1443,,,,,,,,,,,,,
77,SR2078,28/11/22,,2000,15 SUKHUMVIT,JSC,"2,000
(PACKAGE)",K,THOMAS PROMMER,,,+1 917 488 6124,,,,,,,,,,,,,
78,SR2079,2022-05-12,,2000,15 SUKHUMVIT,M,"2,000
(PACKAGE)",K,SHYAM KUMER,,,+66 80 750 4262,,,,,,,,,,,,,
79,SR2080,2022-11-12,,3000,15 SUKHUMVIT,M,"2,000
(PACKAGE)",K,MANISH,,,+66 90 197 3086,,,,,,,,,,,,,
80,SR2081,14/12/22,,2000,15 SUKHUMVIT,M,"2,000
(PACKAGE)",K,พิสิษฐ์ กิตติเชาวนันท์,,,+66 94 746 6692,,,,,,,,,,,,,
81,SR2082,16/12/22,,3000,15 SUKHUMVIT,M,"3,000 + 150
(PACKAGE)",K,ROBERT CIAURI,,,+66 83 758 7461,,,,,,,,,,,,,
82,SR2083,2023-05-01,,3000,15 SUKHUMVIT,M,"3,000 + 150
(PACKAGE)",K,ZARA,,,+66 81 358 9815,,,,,,,,,,,,,
83,SR2084,2023-07-01,,3000,15 SUKHUMVIT,M,"3,000 + 150
(PACKAGE)",K,DANNISH ,,,+66 81 473 5366,,,,,,,,,,,,,
84,SR2085,14/1/23,,2000,15 SUKHUMVIT,M,"2,000
(PACKAGE)",K,VIRTOR,,,+66 61 021 8908,,,,,,,,,,,,,
85,SR2086,19/2/23,18/8/23,2000,15 SUKHUMVIT,M,"2,000
(PACKAGE)",K,PIYAWAN,,,+66 89 508 0624,,,,,,,,,,,,,
86,SR2087,22/2/23,21/9/23,2000,15 SUKHUMVIT,M,"2,000
(PACKAGE)",K,THANAWUT,,,+66 61 495 0056,,,,,,,,,,,,,
87,SR2088,22/2/23,21/9/23,2000,15 SUKHUMVIT,M,"2,000
(PACKAGE)",K, CHAN,,,+852 6399 6262,,,,,,,,,,,,,
88,SR2089,24/2/23,23/9/23,3000,15 SUKHUMVIT,M,"3,000 + 150
(PACKAGE)",K,Suparerk Daengart,,,+66 61 095 8070,,,,,,,,,,,,,
89,SR2090,2023-03-03,2023-02-09,2000,15 SUKHUMVIT,Mi,"2,000
(PACKAGE)",k,E-MONTION,,,+66 98 776 5226,,,,,,,,,,,,,
90,SR2091,2023-12-03,2023-11-09,2000,15 SUKHUMVIT,MAI,"2,000
(PACKAGE)",,JENNY(เจนนี้),,,+66 1621 6444,,,,,,,,,,,,,
91,SR2092,2023-11-03,2023-10-09,2000,15 SUKHUMVIT,MAI,"2,000
(PACKAGE)",,MELISSA MATHEWS,,,+66 82 507 0908,,,,,,,,,,,,,
92,SR2093,19/3/23,18/9/23,3000,15 SUKHUMVIT,JSC,"3,000 + 150
(PACKAGE)",,KRISTIAN ,,,+66 84 061 0923,,,,,,,,,,,,,
93,SR2094,22/3/23,20/9/23,2000,15 SUKHUMVIT,MAI,"2,000
(PACKAGE)",,K.จุ๋ม,,,+66 92 536 8911,,,,,,,,,,,,,
94,SR2095,2023-08-04,2023-07-10,2000,15 SUKHUMVIT,MAI,"2,000
(PACKAGE)",,JOSHUA JAMES,,,+66 80 043 5136,,,,,,,,,,,,,
95,SR2096,2023-12-04,2023-11-10,10000,15 SUKHUMVIT,MSI,"10,000 + 1,500
(PACKAGE)",,PURINUT,,,+66 61 781 1199,,,,,,,,,,,,,
96,SR2097,22/4/23,21/10/23,2000,15 SUKHUMVIT,MAI,"2,000
(PACKAGE)",,ILIA VETCHERBINE,,,+66 96 143 7840,,,,,,,,,,,,,
97,SR2098,22/4/23,21/10/23,2000,15 SUKHUMVIT,MAI,"2,000
(PACKAGE)",,TONY,,,+86 181 8077 6091,,,,,,,,,,,,,
98,SR2099,22/4/23,21/10/23,2000,15 SUKHUMVIT,MAI,"2,000
(PACKAGE)",,JOSH,,,+66 93 217 0166,,,,,,,,,,,,,
99,SR2100,2023-09-05,2023-08-11,2000,15 SUKHUMVIT,MAI,"2,000
(PACKAGE)",,KUMMI LEE,,,+66 83 838 0482,,,,,,,,,,,,,
100,SR2101,2023-09-05,2023-08-11,2000,15 SUKHUMVIT,MAI,"2,000
(PACKAGE)",,K.อ้อ,,,+66 87 575 6555,,,,,,,,,,,,,
101,SR2102,25/5/23,24/11/23,2000,15 SUKHUMVIT,MAI,"2,000
(PACKAGE)",,RAYMOND LOH,,,+66 86 780 0200,,,,,,,,,,,,,
102,SR2103,27/5/23,26/11/23,2000,15 SUKHUMVIT,MAI,"2,000
(PACKAGE)",,JESTER CHING ,,,+19174034676,,,,,,,,,,,,,
103,SR2104,2023-02-06,2023-01-12,2000,15 SUKHUMVIT,MAI,"2,000
(PACKAGE)",,VIKTER,,,+66 64 541 3487,,,,,,,,,,,,,
104,SR2105,2023-09-06,2023-08-12,2000,15 SUKHUMVIT,MAI,"2,000
(PACKAGE)",,POR,,,+66 84 697 6714,,,,,,,,,,,,,
105,SR2106,2023-11-06,2023-10-12,2000,15 SUKHUMVIT,MAI,"2,000
(PACKAGE)",,DANITA,,,+66 80 859 1614,,,,,,,,,,,,,
106,SR2107,2023-12-06,2023-11-12,3000,15 SUKHUMVIT,MAI,"3,000 + 150
(PACKAGE)",K,DAVID,,,+66 081 903 2377,,,,,,,,,,,,,
107,SR2108,21/6/23,20/12/23,2000,15 SUKHUMVIT,JUSTIN,"2,000
(PACKAGE)",K,JASON LAM,,,+66 397 781 04911,,,,,,,,,,,,,
108,SR2109,2023-01-09,29/2/24,3000,15 SUKHUMVIT,M,"3,000 + 150
(PACKAGE)",K,NAWAT,,,+66 65 615 5161 ,,,,,,,,,,,,,
109,SR2110,2023-06-07,2023-05-01,3000,15 SUKHUMVIT,TOR,"3,000 + 150
(PACKAGE)",K,PAUL PARADISE,,,+66 092 787 9402,,,,,,,,,,,,,
110,SR2111,17/8/23,16/2/23,3000,15 SUKHUMVIT,TOR,"3,000 + 150
(PACKAGE)",K,JOHN CHILCOTT,15SR 12/99,,+66 68 819 8098,,,,,,,,,,,,,
111,SR2112,2023-03-09,2024-02-02,2000,15 SUKHUMVIT,M,"2,000
(PACKAGE)",K,WILLIAM LEE,,,+1 010 4555 1214,,,,,,,,,,,,,
112,SR2113,14/9/23,13/3/24,2000,15 SUKHUMVIT,TOR,"2,000
(PACKAGE)",K,PEAR,15SR 12/434,,+66 83 981 3131,,,,,,,,,,,,,
113,SR2114,17/9/23,16/3/24,3000,15 SUKHUMVIT,M,"3,000 + 150
(PACKAGE)",K,WARREN BENSON LIAMB,15SR 12/482,,+66 91 778 9143,,,,,,,,,,,,,
114,SR2115,29/9/23,28/3/24,2000,15 SUKHUMVIT,M,"2,000
(PACKAGE)",K,NONG,,,+66 97 021 2163,,,,,,,,,,,,,
115,SR2116,26/10/23,25/04/24,2000,15 SUKHUMVIT,TOR,"2,000
(PACKAGE)",K,FRANZI GIULIO,,,+66 86 764 9512,,,,,,,,,,,,,
116,SR2117,2023-08-11,2024-07-05,2000,15 SUKHUMVIT,M,"2,000
(PACKAGE)",K,JOHN TIMSON,SHIUA TOWER,,.+66 65 513806325/1/24,,,,,,,,,,,,,
117,SR2118,12/1123,2024-11-05,2000,15 SUKHUMVIT,M,"2,000
(PACKAGE)",K,ปองพล ผลิพืช,NOBLE BE 19 ROOM89/218,,.'+66 81 8402940,,,,,,,,,,,,,
118,SR2119,29/11/23,28/5/24,2000,15 SUKHUMVIT,ANN,"2,000
(PACKAGE)",K,JINDANUCH CHOKDEEPUSIT,15 RESIDENCE,,",+66 844505924",,,,,,,,,,,,,
119,SR2120,18/1/24,17/7/24,2000,15 SUKHUMVIT,ANN,"2,000
(PACKAGE)",K,JOHNNY,"SHOP NO 5
AMBASSADOR HOTEL",,",+66 81 913 8394",,,,,,,,,,,,,
120,SR2121,25/1/24,24/7/24,3000,15 SUKHUMVIT,ANN,"3,000 + 150
(PACKAGE)",K,NATCHVARRINE,NOBLE BE 19 ROOM 89/308,,",+66  95 457 9795",,,,,,,,,,,,,
121,SR2122,2024-04-02,2024-03-08,2000,15 SUKHUMVIT,M,"2,000
(PACKAGE)",K,P,,,+95-0949829,,,,,,,,,,,,,
122,SR2123,2024-04-02,2024-03-08,2000,15 SUKHUMVIT,M,"2,000
(PACKAGE)",K,ARISSARA ,HYDE13 ROOM406,,+83-548-2403,,,,,,,,,,,,,
123,SR2124,23/2/24,22/8/24,2000,15 SUKHUMVIT,ANN,"2,000
(PACKAGE)",K,JESSICA,CIRCLE TOWER 1,,.+66646694886,,,,,,,,,,,,,
124,SR2125,2024-02-03,2024-01-09,3000,15 SUKHUMVIT,M,"3,000 + 150
(PACKAGE)",K,MARKUS HONS,THE ESSE AT SINGHA,228,.+66969640160,,,,,,,,,,,,,
125,SR2126,2024-05-03,2024-04-09,3000,15 SUKHUMVIT,M,"3,000 + 150
(PACKAGE)",K,MARLON LYLES,HYDE 13,,.+66926754410,,,,,,,,,,,,,
126,SR2127,2024-11-03,2024-10-09,3000,15 SUKHUMVIT,JUSTIN,"3,000 + 150
(PACKAGE)",K,YUEMIN,,,.+66826260289,,,,,,,,,,,,,/
127,SR2128,29/04/24,28/10/24,5000,15 SUKHUMVIT,M,"5,000 + 300
(PACKAGE)",K,THANATCHAPORN ( GIFT),TRENDY CONDO,6/733,.+66 85 654 4261,,,,,,,,,,,,,
128,SR2129,18/05/24,17/11/24,3000,15 SUKHUMVIT,ANN,"3,000 + 150
(PACKAGE)",K,SUNJU LEE,SHIVA TOWER,12B,.+66 80 580 6810,,,,,,,,,,,,,
129,SR2130,24/05/24,23/11/24,3000,15 SUKHUMVIT,ANN,"3,000 + 150
(PACKAGE)",K,HARIPOOM,,,,,,,,,,,,,,,,
130,SR2131,31/05/24,30/11/24,3000,15 SUKHUMVIT,ANN,"3,000 + 150
(PACKAGE)",K,HEE DO,,,.+6661 865 9324,,,,,,,,,,,,,
131,SR2132,31/7/24,30/1/25,2000,15 SUKHUMVIT ,ANN,"2,000
(PACKAGE)",K,MIKE,,,+66 96 042 4090,,,,,,,,,,,,,
132,SR2133,31/7/24,30/1/25,2000,15 SUKHUMVIT ,ANN,"2,000
(PACKAGE)",K,KARIM,,,+31 6290 40096,,,,,,,,,,,,,/
133,SR2134,13/08/24,2025-12-02,3000,15 SUKHUMVIT ,JUSTIN,"3,000 + 150
(PACKAGE)",K,LI ZHONG ZHUANG,,,.+66922858388,,,,,,,,,,,,,
134,SR2135,14/09/24,13/03/25,2000,15 SUKHUMVIT ,M,"2,000
(PACKAGE)",K,Yoo ยู Julayanont,Piya Apartment ปิยะ อพาร์ทเม้น,204,.+66960961424,,,,,,,,,,,,,
135,SR2136,15/09/24,14/03/25,3000,15 SUKHUMVIT ,JUSTIN,"3,000 + 150
(PACKAGE)",K,MIKE MURRAY,NOBLE RECOLE,289,.+66812858127,,,,,,,,,,,,,
136,SR2137,19/09/24,18/03/25,2000,15 SUKHUMVIT ,ANN,"2,000
(PACKAGE)",K,NAN,15 SUKHUMVIT ,,.+66821612995,,,,,,,,,,,,,/
137,SR2138,2024-02-11,2024-01-05,3000,15 SUKHUMVIT ,ANN,"3,000 + 150
(PACKAGE)",K,SOPHIE,,,.+6661 771 8669,,,,,,,,,,,,,
138,SR2139,13/11/24,2025-12-05,5000,15 SUKHUMVIT ,M,"5,000 + 300
(PACKAGE)",K,หมูหวาน (MOOWAN),HYDE SUKHUMVIT 13,273,+66 84 022 5897,,,,,,,,,,,,,
139,SR2140,25/11/24,24/5/25,2000,15 SUKHUMVIT ,NOONA,"2,000
(PACKAGE)",K.,SORAYA MITSAENG,,,+66 86 642 5273,,,,,,,,,,,,,
140,SR2141,27/11/24,26/5/25,2000,15 SUKHUMVIT ,NOONA,"2,000
(PACKAGE)",MR,JOSUAH GOBER,,,+66 82 207 2039,,,,,,,,,,,,,
141,SR2142,2024-06-12,2025-05-06,2000,15 SUKHUMVIT ,M,"2,000
(PACKAGE)",MS,BOOK,,,+66 98 995 6555,,,,,,,,,,,,,
142,SR2143,2024-08-12,2025-07-06,5000,15 SUKHUMVIT ,M,"5,000 + 300
(PACKAGE)",,TOMMY,,,+66 65 680 0099,,,,,,,,,,,,,
143,SR2144,2024-12-12,2025-11-06,2000,15 SUKHUMVIT ,NOONA,"2,000
(PACKAGE)",,KWANCHAI,,,+66 95 265 1211,,,,,,,,,,,,,
144,SR2145,13/12/24,2025-12-06,3000,15 SUKHUMVIT ,JUSTIN,"3,000 + 150
(PACKAGE)",MR,JOHN CAMPBELL,,,+66 62 969 7776,,,,,,,,,,,,,
145,SR2146,15/12/24,14/6/25,6000,15 SUKHUMVIT ,NOONA,"6,000 +300",,AEK,,,+66 85 535 5636,,,,,,,,,,,,,
146,SR2147,26/12/24,25/06/25,3000,15 SUKHUMVIT ,JUSTIN,"3,000 + 150
(PACKAGE)",,SANUPAT,,,+66 84 296 7028,,,,,,,,,,,,,
147,SR2148,15/01/25,14/07/25,3000,15 SUKHUMVIT ,NOONA,"3,000 + 150
(PACKAGE)",,DAVE BELL,15SR 12/302,,+66 86 787 8064,,,,,,,,,,,,,
148,SR2149,21/2/25,20/8/25,2000,15 SUKHUMVIT ,M,"2,000
(PACKAGE)",K,MUNLIKA,,,+66 99 065 5588,,,,,,,,,,,,,
149,SR2150,2025-03-03,2025-02-09,3000,15 SUKHUMVIT ,NOONA,"3,000 + 150
(PACKAGE)",,SUKANTHIP NAKKASEM,1333/30 SUKHUMVIT 31 ,,+66 83 095 2028,,,,,,,,,,,,,
150,SR2151,2025-04-03,2025-03-09,2000,15 SUKHUMVIT ,NOONA,"2,000
(PACKAGE)",K,THANAPORN,,,+66 81 452 1543,,,,,,,,,,,,,
151,SR2152,2025-06-03,2025-05-09,2000,15 SUKHUMVIT ,NOONA,"2,000
(PACKAGE)",K,BEAM,,,+66 62 698 9146,,,,,,,,,,,,,
152,SR2153,18/3/25,17/9/25,3000,15 SUKHUMVIT ,NOONA,"3,000 + 150
(PACKAGE)",K,RATIMA,15 SUKHUMVIT RESIDENCES,,+66 83 043 0123,,,,,,,,,,,,,
153,SR2154,18/05/2025,17/11/25,3000,15 SUKHUMVIT ,NOONA,"3,000 + 150
(PACKAGE)",K,OLIVIA LEE,,,+66 94 944 9479,,,,,,,,,,,,,
154,SR2155,2025-02-06,2025-01-12,2000,15 SUKHUMVIT ,NOONA,"2,000
(PACKAGE)",K.,FARIS AZIZ,,,.+66 82 120 3279,,,,,,,,,,,,,
155,SR2156,2025-02-06,2025-01-12,2000,15 SUKHUMVIT ,NOONA,"2,000
(PACKAGE)",K.,JADE TAN,,,.+66 61 385 0981,,,,,,,,,,,,,
156,SR2157,14/06/25,13/12/25,2000,15 SUKHUMVIT ,NOONA,"2,000
(PACKAGE)",K.,HARSH,,,,,,,,,,,,,,,,
157,SR2158,17/06/25,16/12/25,2000,15 SUKHUMVIT ,NOONA,"2,000
(PACKAGE)",K.,Christder Olsson,,,.+66611802415,,,,,,,,,,,,,
158,SR2159,13/07/25,2026-12-01,2000,15 SUKHUMVIT ,NOONA,"2,000
(PACKAGE)",K.,SOM LEE,,,.+66 82 112 4460,,,,,,,,,,,,,
159,SR2160,2025-11-10,2026-09-04,2000,,NOONA,"2,000
(PACKAGE)",K.,SASI,,,.+66 81 914 8488,,,,,,,,,,,,,
160,SR2161,2025-11-10,2026-09-04,3000,,NOONA,"3,000 + 150
(PACKAGE)",K.,JEFFERY NG,,,.+66 65 459 7077,,,,,,,,,,,,,
161,SR2162,26/10/25,25/4/26,6000,,NOONA,"6,000 + 600
(PACKAGE)",K.,WU CHIA HAO(CHESTER),,,+66 81 815 0920,,,,,,,,,,,,,
162,SR2163,28/10/25,26/04/26,3000,,NOONA,"3,000 + 150
(PACKAGE)",K.,HELENA,,,.+66 81 128 1555,,,,,,,,,,,,,
163,SR2164,19/11/25,18/05/26,6000,,NOONA,"6,000 + 600
(PACKAGE)",K.,อัง,,,.+66814915566,,,,,,,,,,,,,
164,SR2165,2025-06-12,2026-04-06,2000,,NOONA,"2,000
(PACKAGE)",K.,Donald Billings,,,.+13862629197,,,,,,,,,,,,,
165,SR2166,17/12/25,15/06/26,2000,,NOONA,"2,000
(PACKAGE)",K.,NIKOLAI GANTRERS,,,.+66 65 772 8353,,,,,,,,,,,,,
166,SR2167,2026-06-01,2026-05-07,2000,,M,"2,000
(PACKAGE)",K.,YEH,,,.+66 99 182 5922,,,,,,,,,,,,,
167,SR2168,17/01/26,16/07/26,2000,,NOONA,"2,000
(PACKAGE)",K.,PAND,,,.+66 89 944 4856,,,,,,,,,,,,,
168,SR2169,22/02/26,21/08/26,2000,,NOONA,"2,000
(PACKAGE)",K.,THEO,,,.+6661 024 3200,,,,,,,,,,,,,
169,SR2170, 23-02-26,22/08/26,2000,,NOONA,"2,000
(PACKAGE)",K.,หวาน,,,.+6664 959 6459,,,,,,,,,,,,,
170,SR2171,26/02/26,25/08/26,10000,,NOONA,"10,000 + 1,500
(PACKAGE)",K.,บริษัท ZEN ZEN CLINIC,,,.+6696 223 9645,,,,,,,,,,,,,
171,SR2172,2026-10-04,2026-07-10,2000,,M,"2,000
(PACKAGE)",K.,Shum,,,.+66 63 270 9327,,,,,,,,,,,,,
172,SR2173,15/05/26,14/11/26,2000,,NOONA,"2,000
(PACKAGE)",K.,DAVID WATSON,,,.+447730573678,,,,,,,,,,,,,
173,SR2174,22/05/26,21/11/26,2000,,M,"2,000
(PACKAGE)",K.,NICK,,,0862718254,,,,,,,,,,,,,
174,SR2175,27/6/26,26/12/26,2000,,NOONA,"2,000
(PACKAGE)",K.,NITNAREE,,,0954965599,,,,,,,,,,,,,
175,SR2176,2026-06-09,2027-04-05,3000,,M,"3,000 + 150
(PACKAGE)",K.,SAM,,,.+66961898073,,,,,,,,,,,,,
176,SR2177,,,,,,,,,,,,,,,,,,,,,,,,
Js1r1@s,,,,,,,,,,,,,,,
ID,MEM NO,START DATE,EXPIRE DATE,AMT,BRANCH,SALES,PACKAGE,TITLE,NAME,CONDO/HSE,ROOM/UNIT,MOBILE,EMAIL,REMARKS,
1,RA2001,17/08/2020,-,5000,RHYTHM ASOKE,TITINAM,"5000 + 1000 
(CASH ACCT)",MS.,LAURA JIANG,RHYTHM ASOKE,,+66 85 195 4419,,,
2,RA2002,21/10/2020,20/12/2020,600,RHYTHM ASOKE,JUSTIN,30 PCS W+I+F,MR.,MARCO,BELLE CONDO,,+66 91 875 6976,,,
3,RA2003,28/10/2020,,1600,RHYTHM ASOKE,,80 PCS W+I+H,MS.,สุนิสา,,,+66 99 282 9287,,ต่อแพ็คเกจ 1000+100 26/01/21--25/02/21 1000+100 9/02/21-12/03/21 1000+100 4/03/21-3/04/21,
4,RA2004,2020-06-11,2021-05-01,600,RHYTHM ASOKE,KHWANRUDEE,30 PCS W+I+F,MS.,สิริวิภา,RHYTHM ASOKE,,+66 95 721 8554,,,
5,RA2005,23/11/2020,,3000,RHYTHM ASOKE,JUSTIN,"3,000 + 500 
(PACKAGE)",MR.,KIM BYUNGSOO,LIFE ASOKE RAMA 9,,+66 62 353 7040,,,
6,RA2006,25/11/2020,24/5/2021,6000,RHYTHM ASOKE,SUKANYA,"6,000 + 1,500 
(PACKAGE)",MS.,WIRATTANAPORN,,,+66 89 802 6422,,,
7,RA2007,2020-12-04,2021-06-03,3000,RHYTHM ASOKE,JUSTIN,3000 CASH ACCT,MR.,RYAN THONG,NOBILE RATCHADA 2,42/727,+66 86 337 6575,,,
8,RA2008,2019-12-07,2021-01-06,600,RHYTHM ASOKE,KHWANRUDEE,30 PCS W+I+F,MR.,BEULAH,RHYTHM ASOKE,,+66 84 518 3320,,,
9,RA2009,13/1/21,2021-07-12,2000,RHYTHM ASOKE,KHWANRUDEE,"2,000 + 300 W+F
(PACKAGE)",MR.,นุวัติ,BELLE CONDO,,+66 81 622 1232,,5000+1000 16/03/21-15/08/21,
10,RA2010,20/01/2021,19/07/2021,2000,RHYTHM ASOKE,KHWANRUDEE,"2,000 + 300 
(PACKAGE)",MS.,LAURA LIM,RHYTHM ASOKE,,+66 93 321 1614,,ต่อแพ็คเกจ 2000+300 05/05/21-04/10/21,
11,RA2011,15/02/2021,14/08/2021,2000,RHYTHM ASOKE,KHWANRUDEE,"2,000 + 300 
(PACKAGE)",MS.,ภัทรวดี,RHYTHM ASOKE,,+66 80 270 1089,,,
12,RA2012,2021-06-04,2021-05-09,2000,RHYTHM ASOKE,KHWANRUDEE,"2,000 + 300 
(PACKAGE)",MR.,TONG,RHYTHM ASOKE,,+66 81 536 5996,,,
13,RA2013,19/04/2021,18/09/2021,2000,RHYTHM ASOKE,KHWANRUDEE,"2,000 + 300 
(PACKAGE)",MR.,Lie,RHYTHM ASOKE,299/33,+66 80 435 8171,,,
14,RA2014,24/04/2021,23/09/2021,2000,RHYTHM ASOKE,KHWANRUDEE,"2,000 + 300 
(PACKAGE)",MS.,ตุลยา,RHYTHM ASOKE,,+66 88 949 9429,,,
15,RA2015,2021-05-07,2021-04-11,2000,RHYTHM ASOKE,KHWANRUDEE,"2,000 + 100 
(PACKAGE)",MS.,ฐานัตถ์,RHYTHM ASOKE,299/26,+66 80 415 2068,,,ยกยอดจากระบบเดิม
16,RA2016,13/07/21,2021-12-11,2000,RHYTHM ASOKE,KHWANRUDEE,"2,000 + 100 
(PACKAGE)",MS.,เฟิร์น,RHYTHM ASOKE,299/378,+66 96 149 1446,,,
17,RA2017,28/07/21,27/12/21,2000,RHYTHM ASOKE,JUSTIN,"2,000 + 100 
(PACKAGE)",MR.,"Pham Ha Nam ""Billy""",RHYTHM ASOKE,299/156,+66 82 874 5066,,,
ID,MEM NO,START DATE,EXPIRE DATE,AMT,BRANCH,SALES,PACKAGE,TITLE,NAME,CONDO/HSE,ROOM/UNIT,MOBILE,EMAIL,REMARKS
1,CC2001,2020-11-28,2021-07-13,600,CIRCLE CONDO,EARN,30 PCS W+I+F,MR,JOHN,CIRCLE CONDO,2902,+66 81 734 6766,,ต่อแพ็คเกจจำนวนเงิน 2000+300 14/1/21--13/7/21 3000+500 20/2/21-19/8/21 12/04/21-11/09/21
2,CC2002,2020-12-01,2020-12-31,900,CIRCLE CONDO,EARN,60PCS W+I+F,MS.,EVE,CIRCLE CONDO,1801,+66 81 585 3829,,Never Extend
3,CC2003,2020-12-03,2021-06-02,4000,CIRCLE CONDO,EARN,DRY CLEAN 40 PCS,MRS.,DINH,CIRCLE CONDO,2508,+66 80 636 0451,,
4,CC2004,2020-12-07,2021-06-06,6000,CIRCLE CONDO,EARN,6000 CASH ACCT,MS.,AEY,CIRCLE CONDO,2111,+66 95 954 5701,,
5,CC2005,14/12/20,21/7/21,3000,CIRCLE CONDO,EARN,"3,000 + 500 
(PACKAGE)",MR.,MOHAMMAD,CIRCLE CONDO,1103 TOWER 2,+66 95 649 3094,,ต่อแพ็คเกจจำนวนเงิน 3000+500 22/01/21-21/07/21 01/02/21-01/08/21 02/03/2021-01/09/2021 06/04/2021-05/09/2021 08/05/21-07/10/21
6,CC2006,14/12/20,13/01/21,900,CIRCLE CONDO,EARN,60PCS W+I+F,MR.,กำแหง สีหะจันทร์,CIRCLE CONDO,1804 TOWER 2,่'+66 91 729 8143,,
7,CC2007,2021-02-10,2021-08-09,2000,CIRCLE CONDO,EARN,"2,000 + 300 
(PACKAGE)",MR.,DONALD,CIRCLE Prototype,1058,+66 98 931 8928,,
8,CC2008,20/2/21,19/8/21,2000,CIRCLE CONDO,EARN,"2,000 + 300 
(PACKAGE)",MS.,LENE,CIRCLE CONDO,,+66 87 898 1290,,
9,CC2009,23/2/21,22/8/21,2000,CIRCLE CONDO,EARN,"2,000 + 300 
(PACKAGE)",MR.,Chad,CIRCLE CONDO,B2 #3717,.+66 83 802 0912,,ต่อแพ็คเกจ 2000+300 19/04/2021-18/09/2021
10,CC2010,23/02/21,22/08/21,2000,CIRCLE CONDO,EARN,"2,000 + 300 
(PACKAGE)",MR.,ZHANG,CIRCLE CONDO,B2 #2801,+66 61 435 7551,,
11,CC2011,24/02/21,23/08/21,2000,CIRCLE CONDO,EARN,"2,000 + 300 
(PACKAGE)",MS.,ราตรี,CIRCLE CONDO,B2 #1703,+66 89 217 5160,,ต่อแพ็คเกจจำนวนเงิน 2000+300 26/3/21-25/8/21 05/04/2021-04/09/2021
12,CC 2012,2021-02-03,2021-01-09,6000,CIRCLE CONDO,EARN,"6,000 + 1,500 
(PACKAGE)",MS.,อิ๊บ,CIRCLE CONDO,B2 #1801,+66 81 585 3829,,
13,CC 2013,15/03/2021,14/08/2021,2000,CIRCLE CONDO,EARN,"2,000 + 300 
(PACKAGE)",MS.,ปิงปิง,CIRCLE CONDO,B2 #806,+66 91 441 9366,,
14,CC2014,2021-10-04,2021-09-09,3000,CIRCLE CONDO,EARN,"3,000 + 500 
(PACKAGE)",MR.,Vee Vee,CIRCLE CONDO,B2 #3915,+66 84 668 5946,,
15,CC2015,2021-10-04,2021-09-09,3000,CIRCLE CONDO,EARN,"3,000 + 500 
(PACKAGE)",MR.,John C,CIRCLE CONDO,B2 #3708,+66 97 248 2769,,
16,CC2016,31/8/21 ,2022-01-02,3000,CIRCLE CONDO,EARN,"3,000 + 150
(PACKAGE)",MR, SOMPOL,CIRCLE CONDO,#12A04,+66 88 084 5555,,
17,CC2017,2021-02-09,2022-01-03,2000,CIRCLE CONDO,EARN,"2,000 + 100
(PACKAGE)",MS. ,NELLY,CIRCLE CONDO,#3404,+66 92 342 2346,,
18,CC2018,2021-02-09,2022-01-03,2000,CIRCLE CONDO,EARN,"2,000 + 100
(PACKAGE)",MS,AILSS,CIRCLE CONDO,#12A13,+66 63-7829269,,
19,CC2019,2021-04-09,2022-03-03,2000,CIRCLE CONDO,EARN,"2,000 + 100
(PACKAGE)",MS,โบว์,CIRCLE CONDO,#2910,+66 63 414 6636,,
20,CC2020,23/9/21,22/3/22,2000,CIRCLE CONDO,EARN,"2,000 + 100
(PACKAGE)",,MON,CIRCLE CONDO,#3405,+66 89 995 1540,,
21,CC2021,25/9/21,24/3/22,2000,CIRCLE CONDO,EARN,"2,000 + 100
(PACKAGE)",MR,JOHN LWIN,CIRCLE CONDO,#3915,+66 97 195 2076,,
22,CC2022,2021-02-10,1//4/22,2000,CIRCLE CONDO,ANNE,"2,000 + 100
(PACKAGE)",MR,K. สิริเพชร,CIRCLE CONDO,#2315,+66 82 848 6945,,
23,CC2023,15/10/21,15/10/21,2000,CIRCLE CONDO,ANNE,"2,000 + 100
(PACKAGE)",K,JOHN MARGAN (JJ),CIRCLE CONDO,,+66 98 696 9005,,
24,CC2024,15/10/21,14/3/22,2000,CIRCLE CONDO,ANNE,"2,000 + 100
(PACKAGE)",K.,K. ตี้,CIRCLE CONDO,#12A02,+66 95 625 4266,,
25,CC2025,30/10/21,31/3/22,2000,CIRCLE CONDO,ANNE,"2,000 + 100
(PACKAGE)",MR,ALEXANDER MAC,CIRCLE CONDO,,+66 89 992 8706,,
26,CC2026,2021-02-12,2022-01-06,5000,CIRCLE CONDO,ANNE,"5,000 + 500
(PACKAGE)",K.,ตวง,CIRCLE CONDO,#4006,+66 88 141 8998,,
27,CC2027,2021-06-12,2022-05-06,2000,CIRCLE CONDO,ANNE,"2,000 + 100
(PACKAGE)",MR,KOJI MATSUBARA,CIRCLE CONDO,,+66 80 291 9389,,
28,CC2028,23/12/21,22/06/2022,2000,CIRCLE CONDO,ANNE,"2,000 + 100
(PACKAGE)",K,มุุ,CIRCLE CONDO,#049,+66 95 050 3959,,
29,CC2029,27/12/21,21/06/2022,2000,CIRCLE CONDO,ANNE,"2,000 + 100
(PACKAGE)",MR,MARTIN,CIRCLE CONDO,#413,+66 95 514 6135,,
30,CC2030,2/2/22,,8000,CIRCLE CONDO,ANNE,"8,000 + 1888
(PACKAGE)",MR,SEUNGJOON ,CIRCLE CONDO,,+66 62 937 7516,,
31,CC2031,02/04/22,,2000,CIRCLE CONDO,ANNE,"2,000 + 100
(PACKAGE)",MR,น๊อต,CIRCLE CONDO,ROOM 1674/753 ,+66 96 291 7104,,
32,CC2032,2022-04-04,,2000,CIRCLE CONDO,ANNE,"2,000 + 100
(PACKAGE)",K,กมลทิพย์,CIRCLE CONDO,ROOM2607 ,+66 92 101 9506,,
33,CC2033,23/05/22,,2000,CIRCLE CONDO,ANNE,"2,000 + 100
(PACKAGE)",K,NQUYEN SANDY (TAM),CIRCLE CONDO,ROOM 914,+66 62 929 4677,,
34,CC2034,27/05/22,,2000,CIRCLE CONDO,ANNE,"2,000 + 100
(PACKAGE)",K,ปลาย(ผกากรอง พรทพลอย),CIRCLE CONDO,ROOM 3901,+66 88 6542499,,
35,CC2035,18/06/22,,2000,CIRCLE CONDO,ANNE,"2,000 + 100
(PACKAGE)",K,CARLOS MARTINEZ,CIRCLE CONDO,,+66 96 391 0694,,
36,CC2036,06/8/22,,10000,CIRCLE CONDO,ANNE,"10,,000 + 1,500
(PACKAGE)",K,MUNA SOOT,CIRCLE CONDO,ROOM 4213,+66 99 692 9572,,
37,CC2037,14/10/22,,2000,CIRCLE CONDO,ANNE,"2,000 +100",K,SUN,CIRCLE CONDO,,+66 87 398 8285,,
38,CC2038,21/10/22,,2000,CIRCLE CONDO,ANNE,2000,K,คุณเจน ,CIRCLE CONDO,,+66 94 325 5544,,
39,CC2039,25/10/22,,2000,CIRCLE CONDO,TOR,2000,K,JEKY,CIRCLE CONDO,,+66 62 279 1528,,
40,CC2040,2023-12-01,,3000,CIRCLE CONDO,ANNE,"3,000 + 150
(PACKAGE)",K,KAI,CIRCLE CONDO,,+66 81 698 5777,,
41,CC2041,2023-12-01,,2000,CIRCLE CONDO,ANNE,2000 PACKAGE,K,DAN,CIRCLE CONDO,,+66 65 551 0999,,
42,CC2042,16/2/23,,2000,CIRCLE CONDO,ANNE,2000 PACKAGE,K,คุณปิ๊ก,CIRCLE CONDO,,+66 86 424 1962,,
43,CC2043,2023-02-03,,3000,CIRCLE CONDO,ANNE,"3,000 + 150
(PACKAGE)",K,RIMA FAWAZ,CIRCLE CONDO,,+66 62 396 6300,,
44,CC2044,2023-01-04,,2000,CIRCLE CONDO,ANNE,2000 PACKAGE,K,ตั้น,CIRCLE CONDO,,+66 87 978 4377,,
45,CC2045,19/5/23,,3000,CIRCLE CONDO,ANNE,"3,000 + 150
(PACKAGE)",K,BON,CIRCLE CONDO,,+66 94 624 8870,,
46,CC2046,2023-07-07,,5000,CIRCLE CONDO,ANNE,"5,000 + 300
(PACKAGE)",K,NOEY(คุณเนย),CIRCLE CONDO,,+66 99 496 2947,,
47,CC2047,2023-08-07,,2000,CIRCLE CONDO,ANNE,"2000
(PACKAGE)",K,PERNOT GERALDINE,CIRCLE CONDO,,+66 61 401 5250,,
48,CC2048,13/7/23,2024-12-01,2000,CIRCLE CONDO,ANNE,"2000
(PACKAGE)",K,WANNA,CIRCLE CONDO,,+66 81 318 0003,,
49,CC2049,,,,,,,,,,,,,
ID,MEM NO,START DATE,EXPIRE DATE,AMT,SALES,PACKAGE,TITLE,NAME,CONDO/HSE,ROOM/UNIT,MOBILE,EMAIL,,,,,,,,,,,,
1,OF2001,2021-03-02,2021-08-01,2000,JUSTIN ,"2,000 + 300 
(PACKAGE)",MS.,HAILING XIE,CIRCLE Prototype,,+66 97 010 2660,,,,,,,,,,,,,
2,OF2002,2021-03-02,2021-08-01,3000,Arthid,"3,000 + 500 
(PACKAGE)",MR.,เพชรแท้,LPN Suite makkasan,1115 ชั้น11,+66 61 594 6594,,ต่อแพ็คเกจ 2000+300  31/03/2021-30/08/2021,,,,,,,,,,,
3,OF2003,2021-03-06,2021-08-05,2000,OFFICE,"2,000 + 300 
(PACKAGE)",MR.,Gaurang,Klass silom condo,1550,+66  65  936 0798,,,,,,,,,,,,,
4,OF2004,14/3/2021,13/08/2021,2000,JUSTIN ,"2,000 + 300 
(PACKAGE)",MS.,YUAN,The Quarter,502,+66 80 023 1648,,,,,,,,,,,,,
5,OF2005,15/3/2021,14/08/2021,2000,JUSTIN ,"2,000 + 300 
(PACKAGE)",MS.,Chanakan/K.DEM,Esse Condo,277,+66 99 467 0475,,"ต่อแพ็คเกจ 3000+500  4/04/2021-3/09/2021 5,000+1000 08/05/21-07/10/21",,,,,,,,,,,
6,OF2006,21/03/2021,20/08/2021,3000,JUSTIN ,"3,000 + 500 
(PACKAGE)",MS.,Antique Wahyu,Kimpton Maa-Lai,78,+66 65 512 1997,,ต่อแพ็คเกจ 3000+500 19/04/2021-18/09/2021 01/05/2021-31/10/2021,,,,,,,,,,,
7,OF2007,29/03/2021,28/08/2021,2000,JUSTIN ,"2,000 + 300 
(PACKAGE)",MR.,K. ELI LINDERT,Chaiyot Mansion 40 Soi Sukhumvit 11 ,UNIT 7B,+66 96 281 4667,,ต่อแพ็คเกจ 2000+300 01/05/21-30/10/21 3000+500 05/05/2021-04/10/2021 ,,,,,,,,,,,
8,OF2008,31/03/2021,30/08/2021,3000,EARN,"3,000 + 500 
(PACKAGE)",MS.,Mint,Salil Hotel,106,+66 86 409 7410,,,,,,,,,,,,,
9,OF2009,2021-03-04,2021-02-09,2000,SUKANYA,"2,000 + 300 
(PACKAGE)",MS.,MEETA,39 SUITES SUKHUMVIT 39,,+66 81 903 0597,,,,,,,,,,,,,
10,OF2010,2021-12-04,2021-11-09,2000,EARN,"2,000 + 300 
(PACKAGE)",MS.,สิรินดา,อพาร์ทเมนต์ เฮียอ้วน,355 ซ.หมอเหล็ง มักกะสัน ราชเทวี,+66 80 466 6556,,ต่อแพ็คเกจ 3000+500 19/04/2021-18/09/2021,,,,,,,,,,,
11,OF2011,23/04/2021,22/09/2021,6000,EARN,"6000+1500
(PACKAGE)",MS.,Susila,Phirom Garden Residence Soi Sukhumvit 41 ,,+66 99 017 1977,,,,,,,,,,,,,
12,OF2012,30/04/2021,29/09/2021,6000,Arthid,"6000+1500
(PACKAGE)",MS.,JJ,THE ESSE at SINGHA COMPLEX,,+66 92 745 6655,,,,,,,,,,,,,
13,OF2013,28/05/21,27/10/21,2000,EARN,"2,000 + 100 
(PACKAGE)",MR.,DAMIAN,PARK 24 CONDO,,+66 62 567 9399,,,,,,,,,,,,,
14,OF2014,23/06/21,22/12/21,3000,EARN,"3.000 + 150
(PACKAGE)",MS.,ภัทรศยา,LUMPINI SUITE ,2222,+66 89 969 4363,,,,,,,,,,,,,
15,OF2015,25/06/21,24/12/21,3000,SUKANYA,"3,000 + 150
(PACKAGE)",MS. , สุนทรี,TRAVELODGE SUKHUMVIT 11,2712,+66 80 142 9225,,,,,,,,,,,,,
16,OF2016,29/06/21,28/12/21,5000,SUKANYA,"5,000 + 500
(PACKAGE)",MS. ,ตุ้ย,HYDE SUKHUMVIT 13,1/455,+66 90 050 3336,,,,,,,,,,,,,
17,OF2017,2021-04-07,2021-03-11,3000,EARN,"3,000 + 150 
(PACKAGE)",MS. ,กสิวรา,Salil Hotel,207,+66 65 945 5523,,,,,,,,,,,,,
18,OF2018,2021-02-07,2021-01-11,5000,EARN,"5,000 + 500
(PACKAGE)",MR.,MALIN,BAAN SIRI SUKHUMVIT 10,ตึกB UNIT98,+66 62 014 8211,,,,,,,,,,,,,
19,OF2019,15/7/21,14/1/22,2000,EARN,"2,000 + 100
(PACKAGE)",MR. ,EFSTATHIOS KALLINIKOS,CONDOLETTE DWELL,91/206,+66 85 408 2224,,,,,,,,,,,,,
20,OF2020,2021-09-08,2021-08-02,2000,SUKANYA,"2,000 + 100
(PACKAGE)",MS. ,แม้ว,LUMPINI SUITE ,1515/339,+66 91 599 7938,,,,,,,,,,,,,
21,OF2021,15/08/21,15/02/21,"฿5,000.00",EKACHAI,"5,000 + 500
(PACKAGE)",MR.,RAMA,Kimpton Maa-Lai,2506,+66898915608,,,,,,,,,,,,,
22,OF2022,21/08/21,20/02/21,"฿5,000.00",SUKANYA,"5,000 + 500
(PACKAGE)",MR.,JACK,CHEWTHAI  ASOKE,225,+66 63 393 9936,+66 95 334 6599,,,,,,,,,,,,
23,OF2023,2021-04-09,2021-03-03,2000,EARN,"2,000 + 100
(PACKAGE)",MR.,PRIN ,TRAVELODGE SUKHUMVIT 11,2708,+66 83 979 9244,,,,,,,,,,,,,
24,OF2024,19/09/21,18/03/22,2000,M,"2,000 + 100
(PACKAGE)",MR.,ภัทรดิษฐ์,WATTANA SUITE,,+66 89 106 9783,,,,,,,,,,,,,
25,OF2025,21/9/21,20/3/22,6000,JUSTIN ,"6,000 + 600
(PACKAGE)",MR.,MING,THE ESSE at SINGHA COMPLEX,52,+66 80 591 6445,,,,,,,,,,,,,
26,OF2026,27/9/21,26/3/22,2000,MAI,"2,000 + 100
(PACKAGE)",MS.,PAT,HYDE SUKHUMVIT 11,,+66 87 812 1888,,,,,,,,,,,,,
27,OF2027,27/9/21,26/3/22,2000,MAI,"2,000 + 100
(PACKAGE)",MS. ,GOY,RHYTHM ASOKE,,+66 95 114 1196,,,,,,,,,,,,,
28,OF2028,29/9/21,28/3/22,3000,MAI,"3,000 + 150
(PACKAGE)",MR. ,BAE ,Circle Living Prototype,,+66 89 028 3244,,,,,,,,,,,,,
29,OF2029,2021-01-10,30/3/21,2000,MAI,"2,000 + 100
(PACKAGE)",MS.,FOON,TRAVELODGE SOI 11,,+66 85 425 7118,,,,,,,,,,,,,
30,OF2030,2021-05-10,2022-04-03,2000,JUSTIN ,"2,000 + 100
(PACKAGE)",MS. ,JASMINE Y,SINGHA COMPLEX ,,+66 83 086 0276,,,,,,,,,,,,,
31,OF2031,2021-06-10,2022-05-03,2000,JUSTIN ,"2,000 + 100
(PACKAGE)",MR. ,RAPHAEL,BAAN SARAAN CONDO,,+66 90 928 6207,,,,,,,,,,,,,
32,OF2032,2021-07-10,2022-06-03,2000,MAI,"2,000 + 100
(PACKAGE)",MS. ,PICHAVEE,TRAVELODGE 11,,+66 90 365 1597,,,,,,,,,,,,,
33,OF2033,2021-09-10,2022-03-05,2000,MAI,"2,000 + 100
(PACKAGE)",MS. ,AMBIKTA  ,Circle Living Prototype,,+66 83 669 5965,,,,,,,,,,,,,
34,OF2034,22/10/21,21/3/22,2000,JUSTIN ,"2,000 + 100
(PACKAGE)",MS. ,ธันวา(NAP),ESSE SINGHA COMPLEX,,+66 81 482 8568,,,,,,,,,,,,,
35,OF2035,30/10/21,31/3/22,2000,JUSTIN ,"2,000 + 100
(PACKAGE)",MS,ANDREA,Circle Living Prototype,,+66 92 474 9954,,,,,,,,,,,,,
36,OF2036,28/10/21,29/3/22,2000,MAI,"2,000 + 100
(PACKAGE)",MS,ANDI,Circle Living Prototype,,+66 81 439 8210,,,,,,,,,,,,,
37,OF2037,2021-04-11,2022-03-05,2000,TAN,"2,000 + 100
(PACKAGE)",MS,KWAN,The Base Sukhumvit 77,,+66 63 432 2983,094 332 0454,,,,,,,,,,,,
38,OF2038,2021-10-11,2022-09-05,2000,THOR,"2,000 + 100
(PACKAGE)",MS,AMIKA,LUMPINI SUITE ,,+66 91 386 7600,,,,,,,,,,,,,
39,OF2039,2021-10-11,2022-09-05,2000,JUSTIN ,"2,000 + 100
(PACKAGE)",MS,JIHYUN LEE,THE DIPLOMAT 39,,+66 92 691 2030,,,,,,,,,,,,,
40,OF2040,13/11/21,2022-12-05,2000,JUSTIN ,"2,000 + 100
(PACKAGE)",MS.,MOOK,TRAVELODGE SOI 11,2314,+66 65 517 7888,,,,,,,,,,,,,
41,OF2041,20/11/21,19/5/22,2000,THOR,"2,000 + 100
(PACKAGE)",MR. ,YAS SUTTAKULPIBOON,LUMPINI SUITE ,,+66 92 250 0910,,,,,,,,,,,,,
42,OF2042,22/11/2021,21/5/2022,2000,THOR,"2,000 + 100
(PACKAGE)",K.,CHAYANICH PHOTIRUK,,,+66 83 249 1492,,,,,,,,,,,,,
43,OF2043,2021-02-12,2022-01-06,2000,JUSTIN ,"2,000 + 100
(PACKAGE)",MR. ,PEDRO AMARAL ,WIND SUKHUMVIT 23,,+66 61 420 8558,,,,,,,,,,,,,
44,OF2044,2021-07-12,2022-06-06,6000,JUSTIN ,"6,000 + 600
(PACKAGE)",MR. ,FRANCOIS OOSTHUIZEN,Baan Klang Krung Siam-Pathumwan,468/168,+66 89 070 6119,,,,,,,,,,,,,
45,OF2045,2021-12-12,2022-11-06,2000,MAI,"2,000 + 100
(PACKAGE)",K,PUTCHAYAPRON,SALIL HOTEL ,ROOM 108,+66 83 347 5285,,,,,,,,,,,,,
46,OF2046,2021-12-12,2022-11-06,6000,JUSTIN ,"6,000 + 600
(PACKAGE)",MR. ,JAMIE,IDEO O2,BUILDING C,+66 65 439 7448,,,,,,,,,,,,,
47,OF2047,2021-09-12,2022-08-06,2000,JUSTIN ,"2,000 + 100
(PACKAGE)",MR. ,TOMOGHO GHOSE,S/O BANGKOK,,+66 97 067 9475,,,,,,,,,,,,,
48,OF2048,17/12/21,16/06/22,2000,JUSTIN ,"2,000 + 100
(PACKAGE)",MR. ,TANITA,,,+66 81 915 6235,,,,,,,,,,,,,
49,OF2049,18/12/21,17/06/22,2000,JUSTIN ,"2,000 + 100
(PACKAGE)",K,NICKITA  THOMAS,SALIL HOTEL SOI 11,,+66 63 826 1529,,,,,,,,,,,,,
50,OF2050,05/01/22,04/07/22,3000,MAI,"3,000 + 150
(PACKAGE)",K,SUPAWIT,TRAVEL LODGE,,+66 81 028 9821,,,,,,,,,,,,,
51,OF2051,06/01/22,05/07/22,2000,MAI,"2,000 + 100
(PACKAGE)",K,PRAYUTH,THE ESSE SINGHA,,+66 81 659 5954,,,,,,,,,,,,,
52,OF2052,7/1/22,06/07/22,2000,MAI,"2,000 + 100
(PACKAGE)",K,รติกร,TRAVEL LODGE,,+66 81 486 4445,,,,,,,,,,,,,
53,OF2053,13/1/22,2022-12-06,2000,MAI,"2,000 + 100
(PACKAGE)",K,KANCHARI(PANG),,,+66 86 863 8888,,,,,,,,,,,,,
54,OF2054,15/1/22,14/07/22,2000,MAI,"2,000 + 100
(PACKAGE)",K,KITTISACK,TRAVEL LODGE,,+66 95 854 0179,,,,,,,,,,,,,
55,OF2055,2022-07-01,2022-06-07,2000,MAI,"2,000 + 100
(PACKAGE)",K,DEAM,TRAVEL LODGE,,+66 86 325 5184,,,,,,,,,,,,,
56,OF2056,22/1/22,21/7/22,2000,MAI,"2,000 + 100
(PACKAGE)",K,NISHA,GRAND MERCHER,,+66 98 883 2724,,,,,,,,,,,,,
57,OF2057,26/1/22,25/7/22,6000,TOR,"6,000 + 600
(PACKAGE)",K,NUNNY,AMBASSADOR HOTEL,,+66 92 269 6362,,,,,,,,,,,,,
58,OF2058,27/1/22,26/1/22,3000,MAI,"3,000 + 150
(PACKAGE)",K,VORANANTH,RHYTHM SUKHUMVIT 36-38,,+66 62 239 5356,,,,,,,,,,,,,
59,OF2059,27/1/22,26/1/22,2000,MAI,"2,000 + 100
(PACKAGE)",K,ROSSANAN,THE ESSE AT SINGHA,,+66 86 363 2420,,,,,,,,,,,,,
60,OF2060,27/1/22,26/6/22,2000,TOR,"2,000 + 100
(PACKAGE)",MR,YOO,SALIL HOTEL ,801,+66 81 131 8859,,,,,,,,,,,,,
61,OF2061,28/1/22,27/6/22,2000,TOR,"2,000 + 100
(PACKAGE)",K,WORAPAN,THE LINE RATCHATHEWI,75,+66 89 883 6863,,,,,,,,,,,,,
62,OF2062,28/1/22,27/6/22,6000,DIAO,"6,000 + 600
(PACKAGE)",K,PETER MICHAEL,CIRCLE SUKHUMVIT  31,,+66 81 358 8607,,,,,,,,,,,,,
63,OF2063,6/2/22,5/7/22,2000,MAI,"2,000 + 100
(PACKAGE)",K,NANI CAPPELNT,,,+ 66 92 820 1080,,,,,,,,,,,,,
64,OF2064,"
'10/2/22",9/7/22,2000,JUSTIN ,"2,000 + 100
(PACKAGE)",K,NENAD POPADIC,,,+66 88 870 5562,,,,,,,,,,,,,
65,OF2065,13/2/22,2022-12-07,2000,MAI,"2,000 + 100
(PACKAGE)",K,BAICHA PONGCHEEN,,,+66 85 351 6597,,,,,,,,,,,,,
66,OF2066,20/2/22,19/7/22,2000,TOR,"2,000 + 100
(PACKAGE)",K,VIPUL PRASAD,THE ESSE AT SINGHA,,+66 64 936 6715,,,,,,,,,,,,,
67,OF2067,22/2/22,23/8/22,2000,TOR,"2,000 + 100
(PACKAGE)",K,PAVITA(NOY),,,+66 81 424 1365,,,,,,,,,,,,,
68,OF2068,28/2/22,2022-01-09,2000,TOR,"2,000 + 100
(PACKAGE)",K,JANEJIRA(JANE),คอนโดเลต มิสท์ พระราม 9,,+66 83 544 6022,,,,,,,,,,,,,
69,OF2069,10/3/22,,5000,MAI,"5,000 + 500
(PACKAGE)",K,CHEN,,,+66 63 225 5688,,,,,,,,,,,,,
70,OF2070,18/3/22,,2000,TOR,"2,000 + 100
(PACKAGE)",K,ASTRID/ANGELO,NARASIRI PATTAKAN,,+66 96 033 6882 ,+66 64 618 0094,,,,,,,,,,,,
71,OF2071,19/03/22,,2000,MAI,"2,000 + 100
(PACKAGE)",K,JOE NICHOLAS,ROMPO MANSION,,+66 92 502 8428,,,,,,,,,,,,,
72,OF2072,21/03/22,,2000,JUSTIN ,"2,000 + 100
(PACKAGE)",K,BABE,,,+66 95 359 1966,,,,,,,,,,,,,
73,OF2073,22/3/22,,2000,TOR,"2,000 + 100
(PACKAGE)",K,REGINA LIM,THE ESSE SUKHUMVIT 36,,+66 98 585 6053,,,,,,,,,,,,,
74,OF2074,2022-01-04,30/9/22,2000,JUSTIN ,"2,000 + 100
(PACKAGE)",MR. ,JONNY HUANG ,SALIL HOTEL 11,,'+66 63 362 1005,,,,,,,,,,,,,
75,OF2075,2022-02-04,,2000,MAI,"2,000 + 100
(PACKAGE)",K,SIWAPORN(BIW),AMBASSDOR,,+66 63 641 9495,,,,,,,,,,,,,
76,OF2076,24/04/22,,3000,MAI,"3,000 + 150
(PACKAGE)",K,ANNEKA HARTLEY,S.P.MASSION,,+66 83 265 9748,,,,,,,,,,,,,
77,OF2077,23/05/22,,5000,TOR,"5,000 + 500
(PACKAGE5",K,เอกนรี  อุประโคตร,EKNAREE,,+66 92 241 6916,,,,,,,,,,,,,
78,OF2078,27/05/22,,5000,TOR,"5,000 + 500
(PACKAGE5",K,NUTTPASINT(CHILL),THE ESSE AT SINGHA,,+66 92 565 6566,,,,,,,,,,,,,
79,OF2079,2022-05-06,,2000,MAI,"2,000 + 100
(PACKAGE)",K,THANAPORN(NAMTAN),,,+66 87 948 3647,,,,,,,,,,,,,
80,OF2080,2022-09-06,,2000,TOR,"2,000 + 100
(PACKAGE)",K,NGUYEN NHU,,,+66 61 541 6186,,,,,,,,,,,,,
81,OF2081,2022-11-06,,2000,MAI,"2,000 + 100
(PACKAGE)",K,FLORENCE,THE PINO CREST RESIDENCE,,+66 61 270 7268,,,,,,,,,,,,,
82,OF2082,14/06/22,,2000,TOR,"2,000 + 100
(PACKAGE)",K,KANDIT(กันดิษ เศรษฐพงษ์กุล),โนเบิล เพลินจิต,,+66 86 006 4141,,,,,,,,,,,,,
83,OF2083,27/06/22,,2000,TOR,"2,000 + 100
(PACKAGE)",K,ระรินทิพย์ อุดมทรัพย์,,,+66 80 825 3719,,,,,,,,,,,,,
84,OF2084,28/06/22,,6000,TOR,"6,000 + 600
(PACKAGE)",K,CHANANPAT(KIE),THE ESSC AT SINGHA,,+66 90 223 9532,,,,,,,,,,,,,
85,OF2085,28/06/22,,2000,TOR,"2,000 + 100
(PACKAGE)",K,JAMES MULQUEEN,SILOM SUITE,,+19175888452,,,,,,,,,,,,,
86,OF2086,30/06/22,,5000,MAI,"5,000 + 500
(PACKAGE5",K,ปิยกรณ์  พูลแย้ม,,THE ESSE AT SINGHA COMPLEX,+66 86 129 6573,,,,,,,,,,,,,
87,OF2087,2022-01-07,,4000,TOR,"4,000 + 200
(PACKAGE)",K,ปุณิกา สิงห์ดาร,THE ADDRESS ROOM 297,,+66 98 826 9621,,,,,,,,,,,,,
88,OF2088,2022-12-07,,3000,TOR,"3,000 + 150
(PACKAGE)",K,เยาวรัตน์ จันทร์ (ANN),HYDE SUKHUMVIT 13,,+66 95 496 5956,,,,,,,,,,,,,
89,OF2089,17/07/22,,2000,MAI,"2,000 + 100
(PACKAGE)",K,ALIREZA(ALI),,,+66 97 250 1710,,,,,,,,,,,,,
90,OF2090,25/07/22,,6000,MAI,"6,000 + 600
(PACKAGE)",K,PASCAL,THE NEST,,+66 63 123 4428,,,,,,,,,,,,,
91,OF2091,31/07/22,,5000,MAI,"5,000 + 500
(PACKAGE5",K,WANG  CHEN,,,+66 97 919 4347,,,,,,,,,,,,,
92,OF2092,2022-01-08,,2000,TOR,"2,000 
(PACKAGE)",K,LATIFA,DUTCHESS HOTEL,,+66 82 221 2070,,,,,,,,,,,,,
93,OF2093,2022-06-08,,3000,MAI,"3,000 + 150
(PACKAGE)",K,PONG PUNNAMATE,NOBLE B19,,+66 96 469 1495,,,,,,,,,,,,,
94,OF2094,2022-09-08,,2000,TOR,"2,000 
(PACKAGE)",K,เมย์ บุณย์,THE ESSC AT SINGHA,,+66 63 191 3513,,,,,,,,,,,,,
95,OF2095,2022-09-08,,2000,TOR,"2,000 
(PACKAGE)",K,VINAYAK,NOBLE B19,,+66 94 615 3650,,,,,,,,,,,,,
96,OF2096,2022-11-08,,2000,TOR,"2,000 
(PACKAGE)",K,บจก.เดอะ อินฟินิตี้ อีเมดโซลูชั่น,19 AT CHIDLOM ,,+66 81 909 1290,,,,,,,,,,,,,
97,OF2097,15/08/22,,2000,TOR,"2,000 
(PACKAGE)",K,HEATHER LAW,,,+66 95 958 1063,,,,,,,,,,,,,
98,OF2098,18/08/22,,2000,TOR,"2,000 
(PACKAGE)",K,PRAEW,,,+66 94 895 6935,,,,,,,,,,,,,
99,OF2099,21/08/22,,3000,TOR,"3,000 + 150
(PACKAGE)",K,MAY LIM,,,+66 97 924 6553,,,,,,,,,,,,,
100,OF2100,23/08/22,,6000,TOR,"6,000 + 600
(PACKAGE)",K,พิสิฐ เถ้ากนกศิลป์,THE ESSE AT SINGHA,,+66 80 410 0400,,,,,,,,,,,,,
101,OF2101,24/08/22,,2000,TOR,"2,000 
(PACKAGE)",K,MANAMI SATO,THE ESSE AT SINGHA,ROOM 263,+66 81 364 8596 ,,,,,,,,,,,,,
102,OF2102,30/08/22,,3000,TOR,"2,000 
(PACKAGE)",K,KAROON WONGWUTTHIKRAI,,,+66 89 896 9422,,,,,,,,,,,,,
103,OF2103,2022-02-09,,2000,MAI,"2,000 
(PACKAGE)",K,THITI SAMUTHRAT(TIME),IDEO MOBI RANGNAM,,+66 91 935 1619,,,,,,,,,,,,,
104,OF2104,2022-05-09,,3000,MAI,"3,000 + 150
(PACKAGE)",K,THITIPONG JUNTARAK,,,+66 63 238 7080,,,,,,,,,,,,,
105,OF2105,2022-05-09,,2000,MAI,"2,000 
(PACKAGE)",K,CELEREENA BUISING,LOFT ASOKE ,,+66 65 931 8675,,,,,,,,,,,,,
106,OF2106,2022-06-09,,2000,JSC,"2,000 
(PACKAGE)",K,RIJUTA MISRA,,,+66 98 265 6460,,,,,,,,,,,,,
107,OF2107,2022-07-09,,2000,TOR,"2,000 
(PACKAGE)",K,ตุลยา เกษกำธร,,,+66 88 949 9429,,,,,,,,,,,,,
108,OF2108,2022-08-09,,5000,,"5,000 + 300
(PACKAGE)",K.,XIANG,,,+66 64 136 8154,,,,,,,,,,,,,
109,OF2109,2022-11-09,,2000,MAI,"2,000 
(PACKAGE)",K,DAMON XU,,,+66 83 662 6888,,,,,,,,,,,,,
110,OF2110,2022-11-09,,3000,MAI,"3,000 + 150
(PACKAGE)",K,MICHELLE YEO,,,+66 64 010 2745,,,,,,,,,,,,,
111,OF2111,2022-11-09,,3000,MAI,"3,000 + 150
(PACKAGE)",K. ,ภารดี  วิสิทธิ์วง์,,,+66 81 974 3226,,,,,,,,,,,,,
112,OF2112,2022-09-09,,3000,TOR,"3,000 + 150
(PACKAGE)",K.,ARRISSRA LIMPISTHIEN,,,+66 96 697 9194,,,,,,,,,,,,,
113,OF2113,2022-09-09,,2000,TOR,"2,000 
(PACKAGE)",K,SIRI,,,+66 83 178 8188,,,,,,,,,,,,,
114,OF2114,2022-12-09,,2000,TOR,"2,000 
(PACKAGE)",K,RAHYAN,,,+33681508459,,,,,,,,,,,,,
115,OF2115,15/9/22,,2000,TOR,"2,000 
(PACKAGE)",K,YEN YU HSIN,,,+66 61 954 5175,,,,,,,,,,,,,
116,OF2116,18/9/22,,2000,TOR,"2,000 
(PACKAGE)",K. ,CHAIWAT CHAWEEWAN,,,+66 99 949 6663,,,,,,,,,,,,,
117,OF2117,18/9/22,,2000,TOR,"2,000 
(PACKAGE)",K,วรรธนะ,WATANA,,+66 98 273 0342,,,,,,,,,,,,,
118,OF2118,28/09/22,,2000,TOR,"2,000 
(PACKAGE)",K,RAJEEV LADVA,,,+66 85 136 6070,,,,,,,,,,,,,
119,OF2119,28/09/22,,3000,TOR,"3,000 + 150
(PACKAGE)",K,NEIL,,,+66 93 432 6308,,,,,,,,,,,,,
120,OF2120,28/09/22,,2000,TOR,"2,000 
(PACKAGE)",K,SHAUN AJAY MATHEW,,,+66 98 171 3274,,,,,,,,,,,,,
121,OF2121,30/09/22,,2000,TOR,"2,000 
(PACKAGE)",K,INTARA BERRY,,,+66 65 604 0022,,,,,,,,,,,,,
122,OF2122,21/10/22,,10000,JSC,"10,000+1,500
(PACKAGE)",K,MAX TAN,,,+66 93 458 5707,,,,,,,,,,,,,
123,OF2123,26/10/22,,3000,JSC,"3,000 + 150
(PACKAGE)",K.,WATT RUNG,,,+66 92 281 6618,,,,,,,,,,,,,
124,OF2124,31/10/22,,2000,JSC,"2,000 
(PACKAGE)",K,MARTIN STEUBLE,,,+66 82 029 2182,,,,,,,,,,,,,
125,OF2125,2022-02-11,,3000,TOR,"3,000 + 150
(PACKAGE)",K. ,สิริการย์ เฉลิมศิรพงศ์ (SIRIKAN),,,+66 81 628 4949,,,,,,,,,,,,,
126,OF2126,2022-05-11,,2000,JSC,"2,000 
(PACKAGE)",K,KHUSHROO WADIA,,,+66 81 911 0096,,,,,,,,,,,,,
127,OF2127,2022-08-11,,2000,TOR,"2,000 
(PACKAGE)",K,PARAWEE PUMPUANG,,,+66 81 423 6332,,,,,,,,,,,,,
128,OF2128,14/11/22,,3000,JSC,"3,000 + 150
(PACKAGE)",K,พิชชาภรณ์ ก้องสำโรง (KUNG),,,+66 96 236 9395,,,,,,,,,,,,,
129,OF2129,17/11/22,,2000,JSC,"2,000 
(PACKAGE)",K,TAREQ,,,+971 50 444 5569,,,,,,,,,,,,,
130,OF2130,23/11/22,,2000,JSC,"2,000 
(PACKAGE)",K,ANDY POOLE,,,+66 98 785 9137,,,,,,,,,,,,,
131,OF2131,27/11/22,,2000,JSC,"2,000 
(PACKAGE)",K,JULIUS J CAMPITA,,,+66 62 876 4486,,,,,,,,,,,,,
132,OF2132,7/12/2022,,2000,TOR,"2,000 
(PACKAGE)",K,TEPPEI MIYACHI(TEDDY),,,+66 90 888 1014,,,,,,,,,,,,,
133,OF2133,2022-08-12,,3000,MAI,"3,000 + 150
(PACKAGE)",K,ELIAS DOLAN,,,+66 61 245 7767,,,,,,,,,,,,,
134,OF2134,18/12/22,,2000,MAI,"2,000 
(PACKAGE)",K,KELSUKE HIGASHIO,,,+66 98 837 6009,,,,,,,,,,,,,
135,OF2135,21/12/22,,2000,MAI,"2,000 
(PACKAGE)",K,SIRINIT ,,,+66 61 694 497,,,,,,,,,,,,,
136,OF2136,2023-07-01,,3000,MAI,"3,000 + 150
(PACKAGE)",K,JANICA CHAN,,,+66 80 080 0502,,,,,,,,,,,,,
137,OF2137,13/1/23,,2000,JUSTIN,"2,000 
(PACKAGE)",K,GREG PLOWES,,,+66 91 860 2601,,,,,,,,,,,,,
138,OF2138,20/1/23,,2000,JUSTIN,"2,000 
(PACKAGE)",K,HENRIK LAULUND,,,+66 61 213 2408,,,,,,,,,,,,,
139,OF2139,2023-03-02,,2000,TOR,"2,000 
(PACKAGE)",K,CHANLEEYA,,,+66 97 446 3624,,,,,,,,,,,,,
140,OF2140,13/2/23,2023-12-08,2000,JUSTIN,"2,000 
(PACKAGE)",K,FAISAL ABDULLAH,,,+66 80 808 0469,,,,,,,,,,,,,
141,OF2141,18/2/23,17/8/23,2000,TOR,"2,000 
(PACKAGE)",K,พัฒน์ กุลพงษ์,,,+66 89 215 8266,,,,,,,,,,,,,
142,OF2142,18/2/23,17/8/23,2000,TOR,"2,000 
(PACKAGE)",K,PATTARAKORN,,,+66 87 007 5954,,,,,,,,,,,,,
143,OF2143,21/2/23,20/8/23,3000,TOR,"3,000 + 150
(PACKAGE)",K,สุชัญสินี สุขคุ้ม,,,+66 92 329 9078,,,,,,,,,,,,,
144,OF2144,22/2/23,21/8/23,3000,JSC,"3,000 + 150
(PACKAGE)",K,FRANK TARAVELLA,,,+66 65 714 5603,,,,,,,,,,,,,
145,OF2145,2023-07-03,2023-06-09,2000,JSC,"2,000 
(PACKAGE)",K,MELINDA PALLA,,,+66 98 382 3524,,,,,,,,,,,,,
146,OF2146,2023-07-03,2023-06-09,2000,JSC,"2,000 
(PACKAGE)",K,ASEEM DIWAN,,,+66 82 579 4523,,,,,,,,,,,,,
147,OF2147,13/3/23,2023-12-09,3000,JSC,"3,000 + 150
(PACKAGE)",K,AJI LI,,,+66 64 751 9774,,,,,,,,,,,,,
148,OF2148,13/3/23,2023-12-09,2000,TOR,"2,000 
(PACKAGE)",K,ICE,,,+66 83 442 9193,,,,,,,,,,,,,
149,OF2149,13/3/23,2023-12-09,2000,JSC,"2,000 
(PACKAGE)",K,JOAN ODITA,,,+66 90 095 5717,,,,,,,,,,,,,
150,OF2150,2023-12-03,2023-11-09,2000,JSC,"2,000
(PACKAGE)",K,NAGARAI PRASADH,,,+66 80 460 7057,,,,,,,,,,,,,
151,OF2151,21/3/23,20/9/23,3000,TOR,"3,000 + 150
(PACKAGE)",K,สุธิดา สิทจันทร์,,,+66 65 942 5247,,,,,,,,,,,,,
152,OF2152,28/3/23,27/9/23,3000,JSC,"3,000 + 150
(PACKAGE)",K,PHILIPPE LONG ,,,+66 80 039 4410,+41 767 47 3656,,,,,,,,,,,,
153,OF2153,30/3/23,29/9/23,2000,TOR,"2,000
(PACKAGE)",k,PATIPAN,,,+66 88 241 4699,,,,,,,,,,,,,
154,OF2154,2023-01-04,30/9/23,10000,JSC,"10,000 + 1,500
(PACKAGE)",K,GUN YUN,,,+66 96 731 2028,,,,,,,,,,,,,
155,OF2155,2023-01-04,30/9/23,3000,JSC,"3,000 + 150
(PACKAGE)",K,AMBROISE MALRIC ,,,+66 89 139 6881,,,,,,,,,,,,,
156,OF2156,2023-03-04,2023-02-10,3000,JSC,"3,000 + 150
(PACKAGE)",K,TOM JOHNSON,,,+66 82 956 3960,,,,,,,,,,,,,
157,OF2157,2023-09-04,2023-08-10,3000,JSC,"3,000 + 150
(PACKAGE)",K,SHIJO JOSEPH,,,+66 63 203 4043,,,,,,,,,,,,,
158,OF2158,2023-08-05,2023-07-11,3000,M,"3,000 + 150
(PACKAGE)",K,PERMSIRI LAMPLASITIPON,,,+66 81 933 3058,,,,,,,,,,,,,
159,OF2159,13/5/23,2023-12-11,2000,JSC,"2,000
(PACKAGE)",K,STEFAN BURNS ,,,+66 81 158 8930,,,,,,,,,,,,,
160,OF2160,20/5/23,19/11/23,2000,JSC,"2,000
(PACKAGE)",K,CRAIG LENMY,,,+66 65 056 0248,,,,,,,,,,,,,
161,OF2161,30/5/23,29/11/23,10000,TOR,"10,000 + 1,500
(PACKAGE)",K,PRADIT,,,+66 85 043 6668 / +66 61 493 5355,,,,,,,,,,,,,
162,OF2162,2023-09-06,2023-08-12,3000,TOR,"3,000 + 150
(PACKAGE)",K,อ๊อบ,,,+66 95 141 9554,,,,,,,,,,,,,
163,OF2163,2023-12-06,2023-11-12,2000,M,"2,000
(PACKAGE)",K,THOMAS,,,+66 91 003 6493,,,,,,,,,,,,,
164,OF2164,13/06/23,2023-12-12,2000,,"2,000
(PACKAGE)",K,MIGUEL,,,+66 93 5611 252,,,,,,,,,,,,,
165,OF2165,2023-10-07,2024-09-01,2000,JSC,"2,000
(PACKAGE)",K,BENJIE GOLD,,,+66 323 640 8155,,,,,,,,,,,,,
166,OF2166,2023-10-07,2024-09-01,2000,JSC,"2,000
(PACKAGE)",K,ALEXANDRA EDLER,,,+66 62 301 1366,,,,,,,,,,,,,
167,OF2167,2023-11-07,2024-10-01,10000,TOR,"10,000 + 1,500
(PACKAGE)",K,HORVARD CHONG/JIRAWAN,,,+66 12 719 3175,,,,,,,,,,,,,
168,OF2168,14/7/23,13/1/24,2000,TOR,"2,000
(PACKAGE)",K,JR ABUNDO,,,+66 93 574 4220,,,,,,,,,,,,,
169,OF2169,22/7/23,21/01/24,3000,TOR,"3,000 + 150
(PACKAGE)",K,NAPOLEON BIGGS,,,+66 85256838805,,,,,,,,,,,,,
170,OF2170,25/7/23,24/1/24,6000,TOR,"6,000 + 600
(PACKAGE)",K,YUKIO KEMMOCHI,,,+66 62 590 1840,,,,,,,,,,,,,
171,OF2171,2023-04-08,2024-03-02,2000,TOR,"2,000
(PACKAGE)",K,WILL,,,+66 95 564 3215,,,,,,,,,,,,,
172,OF2172,13/8/23,2024-12-02,3000,MAI,"3,000
(PACKAGE)",K,JEREMY YEO,,,+66 62 245 0121,,,,,,,,,,,,,
173,OF2173,16/8/23,15/2/24,3000,TOR,"3,000 + 150
(PACKAGE)",K,JUNLIN LIU,CHAROENJAI PLACE#16H,,,,,,,,,,,,,,,
174,OF2174,25/8/23,24/3/24,2000,TOR,"2,000
(PACKAGE)",,INDORAMA VENTURES GLOBAL SERVICES COMPANY LIMITED,,,,nutchaporn.n@indorama.net,,,,,,,,,,,,
175,OF2175,2023-05-09,2024-04-03,2000,TOR,"2,000
(PACKAGE)",K,ALWI,LIFT AT SATHORN#2520,,+66 81 970 7223,,,,,,,,,,,,,
176,OF2176,18/9/23,17/3/24,2000,TOR,"2,000
(PACKAGE)",K,HAMED BHATTI,SINTHORN MIDTOWN HOTEL,,+971 5050 35591,,,,,,,,,,,,,
177,OF2177,21/9/23,20/3/24,2000,TOR,"2,000
(PACKAGE)",K,ROONGRAT(BEN),,,+66 90 224 4614,,,,,,,,,,,,,
178,OF2178,26/9/23,25/3/24,2000,TOR,"2,000
(PACKAGE)",K,JIM FAUSEL,,,+66 95 930 8535,,,,,,,,,,,,,
179,OF2179,30/9/23,29/3/24,2000,MAI,"2,000
(PACKAGE)",K,AMR MAHASSENY,,,+66 99 678 7961,,,,,,,,,,,,,
180,OF2180,30/9/23,29/3/24,2000,MAI,"2,000
(PACKAGE)",K,NUR PAMUK,,,+66 92 444 3812,,,,,,,,,,,,,
181,OF2181,2023-10-10,2024-09-04,2000,TOR,"2,000
(PACKAGE)",K,K.MARIE,RHYTHM SUKHUMVIT36,,,,,,,,,,,,,,,
182,OF2182,2023-07-11,2024-06-05,2000,TOR,"2,000
(PACKAGE)",K,MOUNER ABOU ALNOUR,SUANLUANG VILLAGE,50/54,+66 81 985 3355,,,,,,,,,,,,,
183,OF2183,26/11/23,25/05/24,2000,TOR,"2,000
(PACKAGE)",K,RATNA MATHAI,IMPERIAL GERDEN,,+66 81 110-0729,,,,,,,,,,,,,
184,OF2184,27/11/23,26/05/24,2000,TOR,"2,000
(PACKAGE)",K,ANGAL WANG,LE RAFFINE,,+66 99 504 8748,,,,,,,,,,,,,
185,OF2185,2023-01-12,31/05/24,5000,TOR,"5,000
(PACKAGE)",K,ภาวิณี,THE ESSE AT SHINGA,ROOM 268,+66 974544569,,,,,,,,,,,,,
186,OF2186,15/12/23,14/6/24,6000,TOR,"6,000
(PACKAGE)",K,DEW,BAN SOMTHAVIL,,.+66 61 223 6264,,,,,,,,,,,,,
187,OF2187,18/12/23,17/6/24,2000,TOR,"2,000
(PACKAGE)",K,JAVIER CHUA,GLOW SUKHUMVIT 71,ROOM 1202,.+65 8908 3669,,,,,,,,,,,,,
188,OF2188,20/12/23,19/06/24,2000,TOR,"2,000
(PACKAGE)",K,GAM,THE ADDRESS ASOK,,.+66 98 663 9828,,,,,,,,,,,,,
189,OF2189,2024-02-01,2024-01-07,2000,TOR,"2,000
(PACKAGE)",K,SELIM DENOUX,CHAPTER CHAROEN NAKHON,413,.+66 99 220 9496,,,,,,,,,,,,,
190,OF2190,23/1/24,22/7/24,2000,TOR,"2,000
(PACKAGE)",K,PAT,HQ THONGLOR,44,,,,,,,,,,,,,,
191,OF2191,26/1/24,25/7/24,2000,MAI,"2,000
(PACKAGE)",K,SINGKORN,SUPALAI SUKUMVIT 39,1032 TOWER B,.+66 99 429 3697,,,,,,,,,,,,,
192,OF2192,29/1/24,28/7/24,2000,MAI,"2,000
(PACKAGE)",K,Jaena Fleidervish,TAKA HAUS,196 TOWER B,.+66923966872,,,,,,,,,,,,,
193,OF2193,30/1/24,29/7/24,10000,TOR,"10,000 + 1,500
(PACKAGE)",K,THANAPORN (มอส),CIRCLE LIVING PROTOTYPE,,.+66624632915,,,,,,,,,,,,,
194,OF2194,2024-05-02,2024-04-08,10000,TOR,"10,000 + 1,500
(PACKAGE)",K,MARIANO CABACO,CONDO LOTTE,,+351914952115,,,,,,,,,,,,,
195,OF2195,18/2/24,17/8/24,3000,MAI,"3,000 + 150
(PACKAGE)",K,FAUSTINA LAI,,,.+66616158307,,,,,,,,,,,,,
196,OF2196,21/2/24,20/8/24,2000,MAI,"2,000
(PACKAGE)",K,ALICE T.,THE ESSE SINGHA,23,.+66832097198,,,,,,,,,,,,,
197,OF2197,22/2/24,21/8/24,2000,TOR,"2,000
(PACKAGE)",K,NEIL GEHANI,Q PRASARNMIT,24,.+66616081439,,,,,,,,,,,,,
198,OF2198,2024-01-03,2024-01-09,2000,MAI,"2,000
(PACKAGE)",K,TANNIE TEH,,,.+66981193133,,,,,,,,,,,,,
199,OF2199,2024-08-03,2024-07-09,2000,MAI,"2,000
(PACKAGE)",K,หยก,NOBLE REVOLVE RATCHADA 2,42/658,.+66988955636,,,,,,,,,,,,,
200,OF2200,2024-12-03,2024-11-09,2000,TOR,"2,000
(PACKAGE)",K,DALVINDER,LE CHATEAU MANSION,1102,.+66813724046,,,,,,,,,,,,,
201,OF2201,13/3/24,2024-12-09,2000,TOR,"2,000
(PACKAGE)",K,FRANK ,THE LINE JATUJAK-MOCHIT,602,.+66958180146,,,,,,,,,,,,,
202,OF2202,13/3/24,2024-12-09,2000,TOR,"2,000
(PACKAGE)",K,MOOK,NOBLE REVOLVE RATCHADA 1,272,.+66619426951,,,,,,,,,,,,,
203,OF2203,13/3/24,2024-12-09,3000,TOR,"3,000 + 150
(PACKAGE)",K,RAMIRO LOPEZ,ONE9FIVE ASOKE-RAMA 9,B2409,.+66827980119,,,,,,,,,,,,,
204,OF2204,18/3/24,17/9/24,3000,MAI,"3,000 + 150
(PACKAGE)",K,ANUJ,EMPORIUM SUITES,3519,.+66960588356,,,,,,,,,,,,,
205,OF2205,2024-03-04,2024-02-10,3000,MAI,"3,000 + 150
(PACKAGE)",K,WAI YAN TUN,CHIWATHAI THONGLO,715,.+66949280039,,,,,,,,,,,,,
206,OF2206,2024-03-04,2024-02-10,10000,MAI,"10,000+1,500
(PACKAGE)",K,BRICE MARCOTTE,Q ASOKE,20,.+33650363732,,,,,,,,,,,,,
207,OF2207,2024-04-04,2024-03-10,2000,MAI,"2,000
(PACKAGE)",K,GIFT,LIFT ASOKE,976,.+66659245414,,,,,,,,,,,,,
208,OF2208,2024-05-04,2024-04-10,2000,MAI,"2,000
(PACKAGE)",K,Onwaree,I-BIZA RESIDENCE,242,.+66919536641,,,,,,,,,,,,,
209,OF2209,2024-05-04,2024-04-10,2000,MAI,"2,000
(PACKAGE)",K,SAMANTHA CONNELL,THE ESSE ASOKE,161,.+66972138686,,,,,,,,,,,,,
210,OF2210,16/04/24,15/10/24,2000,MAI,"2,000
(PACKAGE)",K,CLEMENT ADRIEN LARRE,PRIVE SANSIRI,68/55,.+66819490322,,,,,,,,,,,,,
211,OF2211,17/04/24,16/10/24,10000,MAI,"10,000+1,500
(PACKAGE)",K,AKINORI OYAMA,WINDSHELL NARADHIWAS,53/11,.+66970565083,,,,,,,,,,,,,
212,OF2212,17/04/24,16/10/24,3000,MAI,"3,000 + 150
(PACKAGE)",K,STEPHAN CADISCH,SUKHUMVIT CITY RESORT,48/572,.+66628922535,,,,,,,,,,,,,
213,OF2213,21/04/24,20/10/24,3000,MAI,"3,000 + 150
(PACKAGE)",K,KHIN CHO WIN HTIN,CENTRE POINT PHROMPHONG,8A,.+66847669738,,,,,,,,,,,,,
214,OF2214,24/04/24,23/10/24,6000,MAI,"6,000 + 600
(PACKAGE)",K,KHUN MAYA,DOMUS,2427,.+66805931872,,,,,,,,,,,,,
215,OF2215,29/04/24,28/10/24,3000,MAI,"3,000 + 150
(PACKAGE)",K,แตม,THE ESSE AT SINGHA,89,.+6664 645 9824,,,,,,,,,,,,,
216,OF2216,2024-06-05,2024-05-11,2000,MAI,"2,000
(PACKAGE)",K,Pim Luijten,H SUKHUMVIT 43,99/239,.+6698 483 2895,,,,,,,,,,,,,
217,OF2217,2024-12-05,2024-11-11,2000,MAI,"2,000
(PACKAGE)",K,WWNN,KIMPTON MAA-LAI BANGKOK,2604,.+6692 874 8163,,,,,,,,,,,,,
218,OF2218,15/05/24,14/11/24,6000,TOR,"6,000 + 600
(PACKAGE)",K,KAI,SUPALAI VERANDA RAMKHAMHAENG,298/1433,.+6691 903 1888,,,,,,,,,,,,,
219,OF2219,26/05/24,25/11/24,3000,MAI,"3,000 + 150
(PACKAGE)",K,SAIAGARD,THE BASE PARK EAST,99/312,.+66 87 587 8989,,,,,,,,,,,,,
220,OF2220,27/05/24,26/11/24,2000,MAI,"2,000
(PACKAGE)",K,SAM,IVY THONGLOR,71,.+66 64 305 5610,,,,,,,,,,,,,
221,OF2221,2024-10-06,2024-09-12,3000,MAI,"3,000 + 150
(PACKAGE)",K,JUSTIN JEON,LAVIQ SUKHUMVIT 57,144,.+6681 123 6118,,,,,,,,,,,,,
222,OF2222,16/06/24,15/12/24,3000,MAI,"3,000 + 150
(PACKAGE)",K,Thomas Young,THE ESSE AT SINGHA,200,.+66 83 618 6532,,,,,,,,,,,,,
223,OF2223,22/6/24,22/1/25,3000,MAI,"3,000 + 150
(PACKAGE)",K,SYED EIMAAD,VIA 31,,+66 64 684 9990,,,,,,,,,,,,,
224,OF2224,26/06/24,25/12/24,2000,TOR,"2,000
(PACKAGE)",K,Nicole Chai Pei Yun,LANCASTER,609,.+66 84 354 2450,,,,,,,,,,,,,
225,OF2225,30/06/24,29/12/24,6000,MAI,"6,000 + 600
(PACKAGE)",K,ขวัญ,THE RESERVE SUKHUMVIT 61,99,.+6681 3410036,,,,,,,,,,,,,
226,OF2226,30/06/24,29/12/24,3000,MAI,"3,000 + 150
(PACKAGE)",K,ปวริศ สัจจะธีระกุล,R&R RESIDENCE,,.+66992010111,,,,,,,,,,,,,
227,OF2227,2024-04-07,2025-03-01,2000,MAI,"2,000
(PACKAGE)",K,สุธาสินา เชาวน์เลิศเสรี,NOBLE AROUND 33,,.+66851746175,,,,,,,,,,,,,
228,OF2228,2024-04-07,2025-03-01,5000,MAI,"5,000
(PACKAGE)",K,REX GLORIA,,,.+66654911718,,,,,,,,,,,,,
229,OF2229,2024-08-07,2025-07-01,2000,MAI,"2,000
(PACKAGE)",K,Chittima O'Connor,U SATHORN BANGKOK,108,.+66990926517,,,,,,,,,,,,,
230,OF2230,19/07/24,18/01/25,2000,MAI,"2,000
(PACKAGE)",K,แอน,THE GREST SUKUMVIT 24,,.+66899928100,,,,,,,,,,,,,
231,OF2231,22/07/24,21/01/25,2000,MAI,"2,000
(PACKAGE)",K,TERENCE FREDJ,XT PHAYATHAI,972,.+66666180928,,,,,,,,,,,,,
232,OF2232,23/07/24,22/01/25,2000,M,"2,000
(PACKAGE)",K,VONI LIM,KATA APARMENT,523,.+66926010126,,,,,,,,,,,,,
233,OF2233,29/7/24,28/1/25,3000,TOR,"3,000 + 150
(PACKAGE)",K,JEN,,,+66 98 028 5220,,,,,,,,,,,,,
234,OF2234,13/08/24,2025-12-02,2000,PLA,"2,000
(PACKAGE)",K,Marisa Loonubon,LAKE AVENUE,18Q,.+66613568183,,,,,,,,,,,,,
235,OF2235,13/08/24,2025-12-02,10000,PLA,"10,000+1,500
(PACKAGE)",K,ANITA,SPMANSION,164,.+66961942705,,,,,,,,,,,,,
236,OF2236,15/08/24,14/02/25,2000,TOR,"2,000
(PACKAGE)",K,KAREEN HARTLEY,SHANTI SADAN,,.+66653051494,,,,,,,,,,,,,
237,OF2237,26/08/24,25/02/25,6835,PLA,"6835
(PACKAGE)",K,KHING,THE HUDSON,,.+66857178326,,,,,,,,,,,,,
238,OF2238,26/08/24,25/02/25,2000,PLA,"2,000
(PACKAGE)",K.,Meriana,407 K-home,,.+66821360905,,,,,,,,,,,,,
239,OF2239,27/08/24,26/02/25,2000,PLA,"2,000
(PACKAGE)",K.,Georgina Chan,Landmark @MRTA,,.+66828781413,,,,,,,,,,,,,
240,OF2240,27/08/24,26/02/25,2000,PLA,"2,000
(PACKAGE)",K.,Remy Reints,Ideo Q sukhumvit36,,.+66647904153,,,,,,,,,,,,,
241,OF2241,31/08/24,30/02/25,"฿5,000.00",PLA,"5,000 + 300
(PACKAGE)",K,Wave,Conner ratchathewi,,.+66942951493,,,,,,,,,,,,,
242,OF2242,2024-10-09,2025-09-03,10000,PLA,"10,000 + 1500
(PACKAGE)",K.,Jaseon Park,I deo q sukhumvit 36,,.+66484746634,,,,,,,,,,,,,
243,OF2243,2024-11-09,2025-10-03,2000,PLA,"2,000
(PACKAGE)",K,AHMED GHANEM,Hope land hotel,,.+66655069710,,,,,,,,,,,,,
244,OF2244,13/09/24,2025-12-03,5000,PLA,"5,000 + 300
(PACKAGE)",K,โรงเรียนสาธิต มศว ประสานมิตร(ฝ่ายมัธยม),โรงเรียนสาธิต มศว ประสานมิตร(ฝ่ายมัธยม),,.+66654429352,,,,,,,,,,,,,
245,OF2245,25/09/24,24/03/25,2000,ARTHID,"2,000
(PACKAGE)",K,JACK CHANG,NOBLE REVEAL,36/8,.+66621930497,,,,,,,,,,,,,
246,OF2246,26/09/24,25/03/25,2000,ARTHID,"2,000
(PACKAGE)",K,Lupi Sanusi,,,.+6281266672277,,,,,,,,,,,,,
247,OF2247,26/09/24,25/03/25,2000,ARTHID,"2,000
(PACKAGE)",K,BERNARD LIM,,,.+66 81 762 8428,,,,,,,,,,,,,
248,OF2248,30/09/24,29/03/25,6000,PLA,"6,000 + 1000
(PACKAGE)",K,SABINAS,GM RESIDENCE,,.+66 81 4125905,,,,,,,,,,,,,
249,OF2249,2024-03-10,2025-02-04,2000,PLA,"2,000
(PACKAGE)",K,Mohammed Moodi,,,.+66633927359,,,,,,,,,,,,,
250,OF2250,2024-04-10,2025-03-04,2000,ARTHID,"2,000
(PACKAGE)",K,DENNIS LI,,,.+6698 315 8611,,,,,,,,,,,,,
251,OF2251,2024-05-10,2025-04-04,2000,PLA,"2,000
(PACKAGE)",K,Raiha Ahsan,,,.+6665 492 3034,,,,,,,,,,,,,
252,OF2252,2024-07-10,2025-06-04,2000,PLA,"2,000
(PACKAGE)",K,Nathasha Uduwara,CIRCLE PROTOTYPE,,.+66 62 245 5541,,,,,,,,,,,,,
253,OF2253,2024-10-10,2025-09-04,10000,ARTHID,"10,000 + 1500
(PACKAGE)",K,SEUNGJOON YOON,"ST REGIS ,RESIDENCE",2603,.+66 93 517 4055,,,,,,,,,,,,,/
254,OF2254,15/10/24,14/04/25,"฿5,000.00",ARTHID,"5,000 + 300
(PACKAGE)",K,JOLINYU,,,.+6694 350 0030,,,,,,,,,,,,,
255,OF2255,17/10/24,16/04/25,"฿5,000.00",ARTHID,"5,000 + 300
(PACKAGE)",K,MAXIM LADID,,,.+447985230496,,,,,,,,,,,,,
256,OF2256,17/10/24,16/04/25,2000,ARTHID,"2,000
(PACKAGE)",K,SAM BOSE,,,.+66800433741,,,,,,,,,,,,,
257,OF2257,17/10/24,16/04/25,2000,ARTHID,"2,000
(PACKAGE)",K,RAZEE MOHAMMAD,,,.+66659103306,,,,,,,,,,,,,
258,OF2258,18/10/24,17/04/25,3000,ARTHID,"3,000 + 150
(PACKAGE)",K,ผึ้ง,,,.+66929145991,,,,,,,,,,,,,
259,OF2259,18/10/24,17/04/25,2000,ARTHID,"2,000
(PACKAGE)",K,ANDREI BUENDIA,,,.+66826805396,,,,,,,,,,,,,
260,OF2260,22/10/24,21/04/25,2000,ARTHID,"2,000
(PACKAGE)",K,MATHEW,,,.+66909695649,,,,,,,,,,,,,
261,OF2261,22/10/24,21/04/25,2000,ARTHID,"2,000
(PACKAGE)",K,MINAH KIM,,,.+66617105633,,,,,,,,,,,,,
262,OF2262,2024-02-11,2025-01-05,2000,M,"2,000
(PACKAGE)",K,BENU BIDANI,,,.+66 63 197 4227,,,,,,,,,,,,,
263,OF2263,2024-02-11,2025-01-05,3000,M,"3,000 + 150
(PACKAGE)",K,ALEJANDRO CONTRERAS,,,.+66 81 727 0782,,,,,,,,,,,,,
264,OF2264,2024-08-11,2025-07-05,2000,ARTHID,"2,000
(PACKAGE)",K,MARIE POISSON,,,+66 80 464 6989,,,,,,,,,,,,,
265,OF2265,2024-10-11,2025-09-05,2066,ARTHID,"2,000
(PACKAGE)",K,YU,,,+66 96 065 1647,,,,,,,,,,,,,
266,OF2266,2024-12-11,2025-11-05,2000,ARTHID,"2,000
(PACKAGE)",MS,MAIRISSA DE GREEF,,,+66 82 123 4578,,,,,,,,,,,,,
267,OF2267,2024-12-11,2025-11-05,2000,ARTHID,"2,000
(PACKAGE)",MS,"HELENE 
SINI",,,+66 62 232 4355,,,,,,,,,,,,,
268,OF2268,19/11/24,18/05/24,2000,ARTHID,"2,000
(PACKAGE)",MS,NICOLE HARRISON,,,+66 61 147 7006,,,,,,,,,,,,,
269,OF2269,24/11/24,23/5/25,3000,ARTHID,"3,000 + 150
(PACKAGE)",MS,ANNE,,,+60196966619,,,,,,,,,,,,,
270,OF2270,28/11/24,27/5/25,2000,ARTHID,"2,000
(PACKAGE)",MS,FAH,,,+66 65 842 0803,,,,,,,,,,,,,
271,OF2271,14/11/24,13/5/25,2000,ARTHID,"2,000
(PACKAGE)",MS,EUNNA KANG,,,+66 64 985 7520,,,,,,,,,,,,,
272,OF2272,2024-07-12,2025-06-06,3000,ARTHID,"3,000 + 150
(PACKAGE)",MS,SHIRLEY AGVILAR,,,+66 80 813 7078,,,,,,,,,,,,,
273,OF2273,2024-11-12,2025-10-06,2000,M,"2,000
(PACKAGE)",K,POTE,,,+66 91 542 5551,,,,,,,,,,,,,
274,OF2274,15/12/24,14/6/25,3000,ARTHID,"3,000 + 150
(PACKAGE)",MS,MIMI,,,+66 64 936 4745,,,,,,,,,,,,,
275,OF2275,2025-02-01,2025-01-07,2000,ARTHID,"2,000
(PACKAGE)",K,JAI,Ashton Morph 38,,+66 81 903 6000,,,,,,,,,,,,,
276,OF2276,2025-02-01,2025-01-07,3000,ARTHID,"3,000 + 150
(PACKAGE)",K,ALEXEY,Circle Living Prototype,,+66 92 728 5206,,,,,,,,,,,,,
277,OF2277,2025-03-01,2025-02-07,3000,ARTHID,"3,000 + 150
(PACKAGE)",K,NAT,,,+66 62 237 5288,,,,,,,,,,,,,
278,OF2278,2025-09-01,2025-08-07,5000,ARTHID,"5000 + 300
(PACKAGE)",K,RUNGRAVEE,,,+66 90 317 9000,,,,,,,,,,,,,
279,OF2279,2025-10-01,2025-09-07,2000,ARTHID,"2,000
(PACKAGE)",K,PIMKANOK,,,+66 98 514 5495,,,,,,,,,,,,,
280,OF2280,18/1/25,17/7/25,3000,ARTHID,"3,000 + 150
(PACKAGE)",K,HIROSHI MAEKAWA,BELLE GRAND RAMA 9 ,,+66 65 085 3554,,,,,,,,,,,,,
281,OF2281,20/1/25,19/7/25,"฿5,000.00",ARTHID,"5,000 + 300
(PACKAGE)",K,CHARLENE TAN,,,+65 9387 3305,,,,,,,,,,,,,
282,OF2282,25/1/25,24/7/25,3000,ARTHID,"3,000 + 150
(PACKAGE)",K,NAKAMURA HARUNA,,,+81 8079 759574,,,,,,,,,,,,,
283,OF2283,30/1/25,29/7/25,2000,ARTHID,"2,000
(PACKAGE)",K,MANASINEE STHIRAWINSAKUL ,THE ADDRESS,,+66 98 799 5222,,,,,,,,,,,,,
284,OF2284,2025-08-02,2025-07-08,3000,ARTHID,"3,000 + 150
(PACKAGE)",K,SOPHIE KRYGSMAN,,,+66 80 081 5830,,,,,,,,,,,,,
285,OF2285,13/2/25,2025-12-08,10000,ARTHID,"10,000+1,500
(PACKAGE)",K,DEAN PELAIC,,,+66 64 465 0256,,,,,,,,,,,,,
286,OF2286,13/2/25,2025-12-08,2000,ARTHID,"2,000
(PACKAGE)",K,MATT SKULJ,,,+66 97 003 9127,,,,,,,,,,,,,
287,OF2287,17/2/25,16/8/25,3000,ARTHID,"3,000 + 150
(PACKAGE)",K,THANONT KONGSOMPONG,,,+66 90 984 9650,,,,,,,,,,,,,
288,OF2288,17/2/25,16/8/25,2000,ARTHID,"2,000
(PACKAGE)",K,BETTY,,,+66 96 778 7264,,,,,,,,,,,,,
289,OF2289,18/2/25,17/8/25,2000,ARTHID,"2,000
(PACKAGE)",K,SEEN,THE ROOM SUKHUMVIT 21,,+66 98 363 9414,,,,,,,,,,,,,
290,OF2290,20/2/25,19/8/25,2000,ARTHID,"2,000
(PACKAGE)",K,IREEN ,,,+66 65 4899 354,,,,,,,,,,,,,
291,OF2291,21/2/25,20/8/25,3000,ARTHID,"3,000 + 150
(PACKAGE)",K,KEVIN BAUMGARTEN,,,+66 63 4210 112,,,,,,,,,,,,,
292,OF2292,21/2/25,20/8/25,5000,ARTHID,"5,000 + 300
(PACKAGE)",K,LENA,,,+66 80 242 2240,,,,,,,,,,,,,
293,OF2293,23/2/25,22/8/25,2000,ARTHID,"2,000
(PACKAGE)",K,ANAIS,,,+66 85 555 1995,,,,,,,,,,,,,
294,OF2294,24/2/25,23/8/25,3000,ARTHID,"3,000 + 150
(PACKAGE)",K,DEREK HENG,,,+66 82 806 6775,,,,,,,,,,,,,
295,OF2295,2025-01-03,31/8/25,2000,ARTHID,"2,000
(PACKAGE)",K,SUCHITRA S RAO,,,+66 93 579 7570,,,,,,,,,,,,,
296,OF2296,2025-01-03,31/8/25,2000,ARTHID,"2,000
(PACKAGE)",K,FATIMAH ZEHRA,,,+66 92 749 8081,,,,,,,,,,,,,
297,OF2297,2025-01-03,31/8/25,2000,ARTHID,"2,000
(PACKAGE)",K,CARINE NGUYEN,,,+66 61 679 1615,,,,,,,,,,,,,
298,OF2298,16/3/25,15/9/25,2000,ARTHID,"2,000
(PACKAGE)",K,DEW,NOBEL AROUND SUKHUMVIT 33,,+66 64 246 3669,,,,,,,,,,,,,
299,OF2299,22/3/25,21/9/25,6000,ARTHID,"6,000 + 600
(PACKAGE)",K,PURVA HASSOMAL,,,+66 81 159 6902,,,,,,,,,,,,,
300,OF2300,22/3/25,21/9/25,3000,ARTHID,"3,000 + 150
(PACKAGE)",K,HE LEI,,,+63 97 702 94863,,,,,,,,,,,,,
301,OF2301,23/3/25,22/9/25,2000,ARTHID,"2,000
(PACKAGE)",K,NATCHA PHURIWATMEKHA,,,+66 91 695 9159,,,,,,,,,,,,,
302,OF2302,2025-03-04,2025-02-10,6000,ARTHID,"6,000 + 600
(PACKAGE)",K,THANITA THARIYA,,,+66 94 445 6541,,,,,,,,,,,,,
303,OF2303,26/4/25,25/10/25,3000,ARTHID,"3,000 + 150
(PACKAGE)",K,ANN CHEN,,,+886 92 022 4123,,,,,,,,,,,,,
304,OF2304,2025-03-05,2025-02-11,2000,ARTHID,"2,000
(PACKAGE)",K,MANDY SIKDER,,,+66 62 901 8081,,,,,,,,,,,,,
305,OF2305,2025-05-05,2025-04-11,2000,ARTHID,"2,000
(PACKAGE)",K,VISHAL RAJWANI,,,+918652597884,,,,,,,,,,,,,
306,OF2306,2025-07-05,2025-06-11,2000,ARTHID,"2,000
(PACKAGE)",K,EVA LEE,,,+66 92 340 0088,,,,,,,,,,,,,
307,OF2307,2025-07-05,2025-06-11,2000,ARTHID,"2,000
(PACKAGE)",K,TOP,,,+66 93 991 9496,,,,,,,,,,,,,
308,OF2308,18/5/25,17/11/25,3526,ARTHID,"3526
(PACKAGE)",K,DEVRAJ BAJAJ,,,+66 87 302 8888,,,,,,,,,,,,,
309,OF2309,18/5/25,17/11/25,2000,ARTHID,"2,000
(PACKAGE)",K,DHARSHI PRINS,,,+66 62 568 1649,,,,,,,,,,,,,
310,OF2310,19/5/25,18/11/25,2000,ARTHID,"2,000
(PACKAGE)",K,YOUNGJU KIM,,,+66 98 332 7400,,,,,,,,,,,,,
311,OF2311,21/05/25,20/11/25,2000,M,"2,000
(PACKAGE)",K,ALI B,,,+66 62 795 4572,,,,,,,,,,,,,
312,OF2312,25/5/25,24/11/25,2000,ARTHID,"2,000
(PACKAGE)",K,ROD SCULTHORP,,,+66 62 596 4367,,,,,,,,,,,,,
313,OF2313,31/05/25,30/11/25,2000,ARTHID,"2,000
(PACKAGE)",K,CAROLINE ALEXANDER,,,.+66 83 927 1630,,,,,,,,,,,,,
314,OF2314,2025-01-06,30/11/25,2000,ARTHID,"2,000
(PACKAGE)",K,CHARLENE LOH,,,.+66 91 688 7884,,,,,,,,,,,,,
315,OF2315,2025-01-06,2025-01-12,5000,ARTHID,"5,000 + 300
(PACKAGE)",K,WARISA KHAOPHOENG,,,.+66 91 823 7981,,,,,,,,,,,,,
316,OF2316,2025-08-06,2025-07-12,3000,M,"3,000 + 150
(PACKAGE)",K.,Gabriel Del Carmen,,,.+66811276228,,,,,,,,,,,,,
317,OF2317,2025-11-06,2025-10-12,2000,M,"2,000
(PACKAGE)",K,ชฎิลลดา เพียรพิสัย,,,.+66898323632,,,,,,,,,,,,,
318,OF2318,2025-11-06,2025-10-12,5000,M,"5,000 + 300
(PACKAGE)",K.,Myrani Meneses,,,.+66 91 131 4647,,,,,,,,,,,,,
319,OF2319,17/06/25,16/12/25,2000,M,"2,000
(PACKAGE)",K,NADIA RAIS,,,.+66944087027,,,,,,,,,,,,,
320,OF2320,17/06/25,16/12/25,2000,M,"2,000
(PACKAGE)",K,แพท ภัทรพร,,,.+66929351770,,,,,,,,,,,,,
321,OF2321,17/06/25,16/12/25,3000,M,"3,000 + 150
(PACKAGE)",K,SAMANTHA WONG,The Met Condo ,,.+66917877071,,,,,,,,,,,,,
322,OF2322,2025-03-07,2026-02-01,3000,ARTHID,"3,000 + 150
(PACKAGE)",K,KRIT V,,,.+6682 924 2944,,,,,,,,,,,,,
323,OF2323,2025-03-07,2026-02-01,3000,ARTHID,"3,000 + 150
(PACKAGE)",K,ฟิว,,,.+66 98 292 6997,,,,,,,,,,,,,
324,OF2324,2025-04-07,2026-03-01,2000,ARTHID,"2,000
(PACKAGE)",K.,YUNGHSIN CHENG,,,.+66 94 415 8690,,,,,,,,,,,,,
325,OF2325,2025-11-07,2026-10-01,2000,ARTHID,"2,000
(PACKAGE)",K,Z LIM,,,.+66 81 108 4804,,,,,,,,,,,,,
326,OF2326,14/07/25,13/01/26,5000,M,"5,000 + 300
(PACKAGE)",K.,นุช,,,.+66 89 8406399,,,,,,,,,,,,,
327,OF2327,25/07/25,24/01/26,2000,ARTHID,"2,000
(PACKAGE)",K.,RASHMI,,,.+66 93 193 6907,,,,,,,,,,,,,
328,OF2328,26/07/25,25/01/26,2000,M,"2,000
(PACKAGE)",K.,Keith Timimi,,,,,,,,,,,,,,,,
329,OF2329,2025-01-08,28/01/25,3000,ARTHID,"3,000 + 150
(PACKAGE)",MR. ,SHASHANK NANARATI,,,+66 61 410 1119,,,,,,,,,,,,,
330,OF2330,14/08/25,2025-10-02,2000,ARTHID,"2,000
(PACKAGE)",K.,เดียร์ กิรชาดา,,,,,,,,,,,,,,,,
331,OF2331,19/08/25,15/02/26,2000,JETT,"2,000
(PACKAGE)",K.,Celien  Cheng,,,.+886983372352,,,,,,,,,,,,,
332,OF2332,24/08/25,20/02/25,3000,JETT,"3,000 + 150
(PACKAGE)",K.,Ly   GASAO,,,.+66657292780,,,,,,,,,,,,,
333,OF2333,2025-04-09,2026-03-03,2000,JETT,"2,000
(PACKAGE)",K.,Kaye,,,.+66616562169,,,,,,,,,,,,,
334,OF2334,19/09/25,18/03/26,3364,M,"3,000 + 150
(PACKAGE)",K.,YUSUKE FUJIYA,,,.+66987128993,,,,,,,,,,,,,
335,OF2335,23/09/25,22/03/25,2000,JETT,"2,000
(PACKAGE)",K.,Siavash Hosseinbor,,,.+6665 6021944,,,,,,,,,,,,,
336,OF2336,27/09/25,26/03/26,2000,M,"2,000
(PACKAGE)",K.,Terence Ethan Lim,,,.+66 96 797 3757,,,,,,,,,,,,,
337,OF2337,30/09/25,29/03/26,2000,JETT,"2,000
(PACKAGE)",K,เก่ง,,,.+66 63 242 2965,,,,,,,,,,,,,
338,OF2338,2025-03-10,2026-01-04,2000,ARTHID,"2,000
(PACKAGE)",K.,EVE,,,.+66 94 979 5991,,,,,,,,,,,,,
339,OF2339,2025-04-10,2026-02-04,6000,M,"6,000 + 600
(PACKAGE)",K.,Amy Otto,,,.+66 82 239 0820,,,,,,,,,,,,,
340,OF2340,2025-09-10,2026-07-04,2000,ARTHID,"2,000
(PACKAGE)",K.,JULIE NGUYEN,,,.+6698 530 4855,,,,,,,,,,,,,
341,OF2341,2025-11-10,2026-09-04,3000,M,"3,000 + 150
(PACKAGE)",K.,Yena Song,,,.+6693 575 0402,,,,,,,,,,,,,
342,OF2342,14/10/25,2026-12-04,2000,M,"2,000
(PACKAGE)",,บริษัท มูฟ คอลเลคทีฟ วัน (ประเทศไทย) จำกัด,,,.+66 93 951 9265,,,,,,,,,,,,,
343,OF2343,18/10/25,16/04/26,5000,M,"5,000 + 300
(PACKAGE)",K.,รัฐนันท์,,,.+66 97 878 9797,,,,,,,,,,,,,
344,OF2344,27/10/25,25/04/26,3000,M,"3,000 + 150
(PACKAGE)",K.,HARRY,,,.+447806818431,,,,,,,,,,,,,
354,OF2345,28/10/25,26/10/26,6000,M,"6,000 + 600
(PACKAGE)",K.,Mau Pan ,,,.+66989714856,,,,,,,,,,,,,
355,OF2346,2025-01-11,30/04/26,2000,M,"2,000
(PACKAGE)",K.,Othman Chraibi,,,.+6692 260 5556,,,,,,,,,,,,,
356,OF2347,2025-04-11,2026-03-05,2000,ARTHID,"2,000
(PACKAGE)",K.,ณัฐพันธ์ สง่าพันธ์ไชย,,,.+66851867777,,,,,,,,,,,,,
357,OF2348,2025-09-11,2026-08-05,5000,M,"5,000 + 300
(PACKAGE)",K.,Rachel Stevens,,,+66 083 441 2010,,,,,,,,,,,,,
358,OF2349,2025-11-11,2026-11-05,2000,arthiD,"2,000
(PACKAGE)",,MATTHEW,,,+1 204 807 9859,,,,,,,,,,,,,
359,OF2350,14/11/25,13/05/26,6000,ARTHID,"6,000 + 600
(PACKAGE)",K,ANDREY LEONOV,,,.+66 82 745 3854,,,,,,,,,,,,,
360,OF2351,17/11/25,16/05/26,6000,M,"6,000 + 600
(PACKAGE)",K,Petya Tzuman,,,.+66 65 520 0248,,,,,,,,,,,,,
361,OF2352,18/11/25,17/05/26,2000,M,"2,000
(PACKAGE)",K.,J Dunda,,,.+66 84 336 6809,,,,,,,,,,,,,
362,OF2353,19/11/25,18/05/26,2000,M,"2,000
(PACKAGE)",K.,พชรพร,,,.+66 94 535 4019,,,,,,,,,,,,,
363,OF2354,21/11/25,20/05/26,3000,M,"3,000 + 150
(PACKAGE)",K.,Ueli Hartmann,,,.+66 818297901,,,,,,,,,,,,,
364,OF2355,27/11/25,26/05/26,6000,ARTHID,"6,000 + 600
(PACKAGE)",K.,Blagoj Dimovski,,,.+389 702 87903,,,,,,,,,,,,,
365,OF2356,2025-03-12,2026-01-06,3000,M,"3,000 + 150
(PACKAGE)",K.,นภัทร,,,.+66 94 601 5187,,,,,,,,,,,,,
366,OF2357,2025-04-12,2026-02-06,2000,ARTHID,"2,000
(PACKAGE)",K.,ต้นน้ำ,,,.+66 98 929 5954,,,,,,,,,,,,,
367,OF2358,06/012/26,2026-05-07,2000,ARTHID,"2,000
(PACKAGE)",K.,PRINK,,,.+66 83 936 9699,,,,,,,,,,,,,
368,OF2359,21/01/26,20/07/26,5000,ARTHID,"5,000 + 300
(PACKAGE)",K.,ANDY SOLOMON,,,.+6699 348 1831,,,,,,,,,,,,,
369,OF2360,25/01/26,24/07/26,2000,M,"2,000
(PACKAGE)",K.,Carlos Cruz,,,.+6692 274 0912,,,,,,,,,,,,,
370,OF2361,31/1/26,30/7/26,6000,TOR,"6,000 + 600
(PACKAGE)",K.,CASSOUDESALLE,,,+41788858009,,,,,,,,,,,,,
371,OF2362,31/12/26,30/7/26,2000,TOR,"2,000
(PACKAGE)",K,ARIA,,,+0840328143,,,,,,,,,,,,,
372,OF2363,13/02/26,2026-12-08,3000,AIR,"3,000 + 150
(PACKAGE)",K.,ศุภชัย เลาหพงศ์สมบูรณ์,,,.+6682 824 6442,,,,,,,,,,,,,
373,OF2364,15/02/26,14/08/26,3000,M,"3,000 + 150
(PACKAGE)",K.,นิศา สุทธิพรไพศาลกุล,,,.+6681 864 6523,,,,,,,,,,,,,
374,OF2365,17/02/26,16/08/26,2000,M,"2,000
(PACKAGE)",K.,Memeko Suzuki,,,.+6692 263 7624,,,,,,,,,,,,,
375,OF2366,19/02/26,18/08/26,3000,M,"3,000 + 150
(PACKAGE)",K.,Manojkumar,,,.+6680 205 1626,,,,,,,,,,,,,
376,OF2367,25/02/26,24/08/26,2000,M,"2,000
(PACKAGE)",K.,Matthew Pucheur,,,.+6697 038 1122,,,,,,,,,,,,,
377,OF2368,26/02/26,25/08/26,2000,ARTHID,"2,000
(PACKAGE)",K.,กษมา อู่ทิวาเมฆ,,,.+6699 495 6366,,,,,,,,,,,,,
378,OF2369,13/03/26,2026-09-09,3000,M,"3,000 + 150
(PACKAGE)",K.,Rodolphe Mirande,,,.+66 82 423 1980,,,,,,,,,,,,,
379,OF2370,14/03/26,2026-10-09,2000,M,"2,000
(PACKAGE)",K.,ชัชฎา สุกิจจวนิช,,,.+66 88 242 8991,,,,,,,,,,,,,
380,OF2371,19/03/26,15/09/26,2000,AIR,"2,000
(PACKAGE)",K.,โมโมเอะ,,,.+66 89 055 9529,,,,,,,,,,,,,
381,OF2372,22/03/26,18/09/26,3000,AIR,"3,000 + 150
(PACKAGE)",K.,Gap,,,.+66 82 105 3999,,,,,,,,,,,,,
382,OF2373,28/03/26,24/09/26,2000,AIR,"2,000
(PACKAGE)",K.,Iwona Spytkowski,,,.+66 65 935 2863,,,,,,,,,,,,,
383,OF2374,28/03/26,24/09/26,2000,AIR,"2,000
(PACKAGE)",K.,James Yu,,,.+66 82 089 2888,,,,,,,,,,,,,
384,OF2375,2026-01-04,28/09/26,3000,ARTHID,"3,000 + 150
(PACKAGE)",K.,MEGHANA KRISHNAN,,,.+66 81 645 1513,,,,,,,,,,,,,
385,OF2376,2026-01-04,28/09/26,3000,ARTHID,"3,000 + 150
(PACKAGE)",K.,SAEJIN LEE,,,.+66 83 829 05 58,,,,,,,,,,,,,
386,OF2377,18/04/26,15/10/26,2000,M,"2,000
(PACKAGE)",K.,BOWEN HAN,,,.+66 97 949 4857,,,,,,,,,,,,,
387,OF2378,20/04/26,17/10/26,10000,ARTHID,"10,000+1,500
(PACKAGE)",K.,JEFFREY WALLG,,,.+66 62 424 9089,,,,,,,,,,,,,
388,OF2379,22/04/26,19/10/26,3000,M,"3,000 + 150
(PACKAGE)",K.,SITI RAHMAH,,,.+66 98 638 6480,,,,,,,,,,,,,
389,OF2380,27/04/26,26/10/26,6000,M,"6,000 + 600
(PACKAGE)",K.,Zimnan Ziyard,,,.+447305360640,,,,,,,,,,,,,
390,OF2381,2026-03-05,2026-02-11,3000,,"3,000 + 150
(PACKAGE)",K.,Jonny Hilliam,,,.+966532708642,,,,,,,,,,,,,
391,OF2382,2026-05-05,2026-04-11,2000,,"2,000
(PACKAGE)",K.,ณพสิทธิ์ โชติวนิช,,,0992832459,,,,,,,,,,,,,
392,OF2383,2026-07-05,2026-06-11,10000,,"10,000+1,500
(PACKAGE)",K.,JOHANNES MONS,,,0815645731,,,,,,,,,,,,,
393,OF2384,2026-11-05,2026-10-11,3000,,"3,000 + 150
(PACKAGE)",K.,Sophi,,,.+33766066898,,,,,,,,,,,,,
394,OF2385,17/05/26,16/11/26,2000,,"2,000
(PACKAGE)",K.,ADRIEN,,,.+66961241410,,,,,,,,,,,,,
395,OF2386,16/06/26,15/12/26,3000,M,"3,000 + 150
(PACKAGE)",K.,Jessica Loots,,,.+66903215868,,,,,,,,,,,,,
396,OF2387,26/6/26,25/12/26,3000,ARTHID,"3,000 + 150
(PACKAGE)",K.,KANITSRI THONGSAMUI,,,0923651546,,,,,,,,,,,,,
397,OF2388,26/6/26,25/12/26,3000,ARTHID,"3,000 + 150
(PACKAGE)",K.,RISHI,,,0632058895,,,,,,,,,,,,,
398,OF2389,28/6/26,27/12/26,3000,M,"3,000 + 150
(PACKAGE)",K.,ZHAO,,,,,,,,,,,,,,,,
399,OF2390,2026-01-07,31/12/26,2000,ARTHID,"2,000
(PACKAGE)",K.,KWANCHANOK EMIRATES,,,0935326549,,,,,,,,,,,,,
400,OF2391,2026-03-07,2027-02-01,3000,ARTHID,"3,000 + 150
(PACKAGE)",K.,พี,,,0815501906,,,,,,,,,,,,,
401,OF2392,2026-04-07,2027-03-01,3000,M,"3,000 + 150
(PACKAGE)",K.,CHALINUN SANGUANSAP(NAN),,,0647049502,,,,,,,,,,,,,
402,OF2393,2026-06-07,2027-05-01,3000,M,"3,000 + 150
(PACKAGE)",K.,PYAE SONE OO,,,.+447473302379,,,,,,,,,,,,,
403,OF2394,13/7/26,2027-12-01,3000,M,"3,000 + 150
(PACKAGE)",K.,JUI LING WEI,,,.+66808356488,,,,,,,,,,,,,
404,OF2395,2026-05-09,2027-03-05,6000,ARTHID,"6,000 + 600
(PACKAGE)",K.,HAMAD ALBLOOSHI,,,.+66985965003,,,,,,,,,,,,,
405,OF2396,14/09/26,2027-12-03,3000,M,"3,000 + 150
(PACKAGE)",K.,KEVIN SMETANA,,,.+66949127683,,,,,,,,,,,,,
406,OF2397,17/09/26,16/03/27,3000,ARTHID,"3,000 + 150
(PACKAGE)",K.,QUENTIN BEGUE,,,.+66821604232,,,,,,,,,,,,,
407,OF2398,2026-05-10,2027-04-04,2000,AUN,"2,000
(PACKAGE)",K,KA FA WONG,,,+66 81 835 8647,,,,,,,,,,,,,
408,OF2399,2026-07-10,2027-06-04,2000,NOONA,"2,000
(PACKAGE)",K,"DOUGLAS AVERY, JR",,,+66 88 912 0739,,,,,,,,,,,,,
ID,MEM NO,START DATE,EXPIRE DATE,AMT,SALES,PACKAGE,,NAME,CONDO/HSE,ROOM/UNIT,MOBILE,EMAIL,REMARKS,,
1,S1 2001,2021-04-12,2022-03-06,2000,JUSTIN ,"2,000 + 100 
(PACKAGE)",MS.,MAY  XAYMONGKHON,,,+66 61 919 4632,,,,
2,S1 2002,17/12/21,16/06/22,2000,JUSTIN ,"2,000 + 100
(PACKAGE)",MR. ,HASSAN,HISO NANA HOTEL,,+66 96 307 4535,,,,
3,S1 2003,17/1/22,16/07/22,2000,MAI,"2,000 + 100
(PACKAGE)",K,POR PANURAT,154/148 FRIST TOWER CONDO,,+66 64 974 2445,,,,
4,S1 2004,2022-04-02,,8000,MAI,"8,000 + 1,888
(PACKAGE)",K,CHUTIKARN,S1,,,,,,
5,S1 2005,2022-04-04,,2000,MAI,"2,000 + 100
(PACKAGE)",K,KWAN,LUMPINI SUITE,,+66 94 332 0454,,,,
6,S1 2006,18/06/22,,2000,MAI,"2,000 + 100
(PACKAGE)",K,รัศมี  ตาสา,,,+ 66 97 332 4415,,,,
7,S1 2007,15/07/22,,2000,MAI,"2,000 + 100
(PACKAGE)",K,KASEMSAK(เกษมศักดิ์ กสศาสตร์),,,+66 80 208 2345,,,,
8,S1 2008,17/07/22,,2000,MAI,"2,000 + 100
(PACKAGE)",K,MUHAMMAD ZUBAIR,,,+66 90 974 0786,,,,
9,S1 2009,20/10/22,,3000,JSC,"3,000 + 150
(PACKAGE)",K,ตูน (TOON) พิศณุวงรักษ์,BUMRUNGRAD,,+66 98 827 5354,,,,
10,S1 2010,17/11/22,16/5/23,6000,JSC,"6,000 + 600
(PACKAGE)",K,MOHAMMAD ALQADI,,,+974 552 92200,,,,
11,S1 2011,21/11/22,,2000,JSC,"2000
(PACKAGE)",K,K ภคนิจ เทพวิทักษ์กิจ (PAKKANIT),,,+66 81 992 8289,,,,
12,S1 2012,27/11/22,26/5/23,2000,MAI,"2000
(PACKAGE)",K,FAHAD,,,+66 80 650 1207,,,,
13,S1 2013,30/11/22,,2000,TOR,"2000
(PACKAGE)",K,RATCHANEEPORN SURATAEW,,,+66 96 798 5232,,,,
14,S1 2014,19/12/22,,2000,MAI,"2000
(PACKAGE)",K,RAJEEV ,,,+66 81 104 6518,,,,
15,S1 2015,4//1/23,,3000,TOR,"3,000 + 150
(PACKAGE)",K,ธัญพิสิฐ ชีวสกุลยง,,,+66 98 636 5553,,,,
16,S1 2016,22/1/23,,2000,MAI,"2000
(PACKAGE)",K,ABDULAZIZ,,,+66 81 671 5221,,,,
17,S1 2017,2023-01-02,,2000,JSC,"2000
(PACKAGE)",K,JULIET AOM,,,+66 81 643 6949,,,,
18,S1 2018,22/2/23,,6000,TOR,"6,000 + 600
(PACKAGE)",K,JEREMY FORD,,,+66 64 741 1996,,,,
19,S1 2019,2023-03-03,2023-02-09,6000,TOR,"6,000 + 600
(PACKAGE)",K,PIPAT (TON),,,+66 80 042 8992,,,,
20,S1 2020,20/3/23,19/3/23,2000,TOR,"2000
(PACKAGE)",K,ALI,,,+66 93 527 8023,,,,
21,S1 2021,29/3/23,28/9/23,3000,TOR,"3,000 + 150
(PACKAGE)",K,SAAD RASHED ,,,+66 80 753 5936,,,,
22,S1 2022,15/5/23,14/11/23,2000,M,"2000
(PACKAGE)",K,KONG,,,+66 94 939 6635,,,,
23,S1 2023,27/6/23,26/12/23,3000,JSC,"3,000 + 150
(PACKAGE)",K,EMILY HTUN,,,+66 88 865 4486,,,,
24,S1 2024,13/7/23,2024-12-01,2000,MAI,"2000
(PACKAGE)",K,SUPALUX,,,+66 81 918 8921,,,,
25,S1 2025,19/8/23,18/2/24,2000,TOR,"2000
(PACKAGE)",K,HLUMOUD ALMUTAIRI,,,+66 0096551760063,,,,
26,S1 2026,22/8/23,21/2/24,2000,TOR,"2000
(PACKAGE)",K,KHALEO AM ALMARSOUR,,,+66 62 442 5068,,,,
27,S1 2027,29/11/23,28/6/24,2000,TOR,"2000
(PACKAGE)",K,รุจิรา ทองประโคน,,,",+66 813741737",,,,
28,S1 2028,2023-04-12,2024-03-05,3000,TOR,"3,000 + 150
(PACKAGE)",K,CINDY LEE,,,",+66 612051272",,,,
29,S1 2029,17/12/23,16/6/24,3000,TOR,"3,000 + 150
(PACKAGE)",K,HAMAD,,,.+66 98 856 2326,,,,
30,S1 2030,19/12/23,18/6/24,2000,TOR,"2000
(PACKAGE)",K,GFAHAD ALMAR ZON,,,.+66 81 008 2273,,,,
31,S1 2031,2024-03-01,2024-02-07,2000,TOR,"2000
(PACKAGE)",K,PYI SONE AUNG,,,.+66 89 755 2051,,,,
32,S1 2032,2024-06-01,2024-05-07,2000,TOR,"2000
(PACKAGE)",K,CARLING,,,15032679406,,,,
33,S1 2033,23/1/24,22/7/24,2000,TOR,"3,000 + 150
(PACKAGE)",K,ฮุเซน หะยีหามะ,BUMRUNGRAD,,.+66 815 994 276,,,,
34,S12034,25/1/24,24/7/24,2000,MAI,"2000
(PACKAGE)",K,SAOOD,BEST WESTERN PLUS,709,",+97477666061",,,,
35,S12035,28/1/24,27/7/24,3000,MAI,"3,000 + 150
(PACKAGE)",K,TANIN,THE ESSE AT SINGHA,216,".+66819475453
.+66909915444",,,,
36,S12036,17/04/24,16/10/24,2000,MAI,"2000
(PACKAGE)",K,AMMAR ALGHAFRI,FRASER SUITES SUKHUMVIT,2310,.+96897055559,,,,
37,S12037,26/04/24,25/10/24,2000,MAI,"2000
(PACKAGE)",K,จันทร์หอม,,,.+6692 804 9924,,,,
38,S12038,24/05/24,23/11/24,5000,MAI,"5,000 + 300
(PACKAGE)",K.,CHERRY,,,.+66 61 512 0028,,,,
39,S12039,21/6/24,21/01/25,2000,TOR,"2000
(PACKAGE)",K,KILED,BUMRUNGRAD,922,+66 81 517 6151,,,,
40,S12040,14/07/24,13/01/24,2000,MAI,"2000
(PACKAGE)",K,หมอวิชัย,,,.+660891124035,,,,
41,S12041,26/09/24,25/03/25,2000,PLA,"2000
(PACKAGE)",K,โจ,,,.+66 86 971 4540,,,,
42,S12042,26/11/24,25/5/25,2000,M,"2000
(PACKAGE)",K,MOHAMAD BAIWO,,,+467 23270050,,,,
43,S12043,2024-03-12,2025-02-06,2000,M,"2000
(PACKAGE)",MR. ,NIKOLAI GANTRERG,,,+66 65 772 8353,,,,
44,S12044,2024-11-12,2025-10-06,3000,M,"3,000 + 150
(PACKAGE)",K,AOI ,,,+66 86 386 9628,,,,
45,S12045,2024-11-12,2025-10-06,3000,M,"3,000 + 150
(PACKAGE)",K,NOMTHAVIT,,,+66 65 616 0351,,,,
46,S12046,16/12/24,15/6/25,2000,TOR,"2000
(PACKAGE)",K,WUTTHIWAT,,,+66 94 480 0970,,,,
47,S12047,2025-04-01,2025-03-07,3000,ARTHID,"3,000 + 150
(PACKAGE)",K,AIDEN,,,+66 80 508 7769,,,,
48,S12048,2025-08-01,2025-07-07,2000,M,"2000
(PACKAGE)",K,ZAR NI LINN HTET,,,+66 91 070 0893,,,,
49,S12049,19/1/25,18/7/25,2000,ARTHID,"2,000
(PACKAGE)",K,JUSTIN WALLPS,376 THE AODRESS CHIOLOM,,+66 65 809 2945,,,,
50,S12050,22/01/25,21/07/25,5000,M,"5,000 + 300
(PACKAGE)",K,CHRISTOPHER HORTON,YAOWARAT 23,,+66 63 062 7016,,,,
51,S12051,2025-06-03,2025-05-09,2000,ARTHID,"2,000
(PACKAGE)",K,MUHAMMED (ALI),,,+97 45 595 9556,,,,ยอดยกมาจากระบบเดิม
52,S12052,2025-06-03,2025-05-09,2000,ARTHID,"2,000
(PACKAGE)",K,"NATRAYA CHINNAWAT
",,,+66 82 365 5115,,,,
53,S12053,15/3/2025,14/9/2025,2000,ARTHID,"2,000
(PACKAGE)",K,CHIKIUH,,,+66 80 967 3022,,,,
54,S12054,2025-04-06,2025-03-12,2000,ARTHID,"2,000
(PACKAGE)",K,RAKAN KAMAS,,,+66 99 286 1433,,,,
55,S12055,2025-01-09,28/02/26,2000,JETT,"2,000
(PACKAGE)",K.,K.Not ( ธัณนรินทร์ ),รพ.บำรุงราษฏร์ ห้อง 820,,.+6686 993 3555,,,,
56,S12056,2025-08-09,2026-07-03,2000,JETT,"2,000
(PACKAGE)",K.,Ahmed ALSHAMMARI,,,.+927127324,,,,
57,S12057,18/09/25,17/03/26,2000,JETT,"2,000
(PACKAGE)",K.,KHALIFA,Hospital Bumrungrad R.964,,.+66 61 546 6684,,,,
58,S12058,29/09/25,28/3/26,3000,,"3,000 + 150
(PACKAGE)",K.,Thomas Gutjahr -Loeser,Hyatt place,,.+66 65 871 6500,,,,
59,S12059,2025-02-12,31/05/26,3000,M,"3,000 + 150
(PACKAGE)",K.,ตูุ่น,,,.+66 81 803 0604,,,,
60,S12060,2026-06-01,2026-05-07,3000,ARTHID,"3,000 + 150
(PACKAGE)",K.,KERRY MORLEY,,,.+66980310130,,,,
61,S12061,2026-03-04,31/09/26,5000,ARTHID,"5,000 + 300
(PACKAGE)",K.,สารี่,,,.+66 83 268 5464,,,,
62,S12062,22/04/26,19/10/26,2000,ARTHID,"2,000
(PACKAGE)",K.,นิราญ ตุลยกิจจา,,,.+66 88 969 5942,,,,
63,S12063,24/04/26,21/10/26,2000,ARTHID,"2,000
(PACKAGE)",K.,RASHID,,,.+97431310130,,,,
64,S12064,27/05/26,26/11/26,2000,ARTHID,"2,000
(PACKAGE)",K.,อ้อม,,,.+0633569965,,,,
65,S12065,,,,,,,,,,,,,,
66,S12066,,,,,,,,,,,,,,
67,S12067,,,,,,,,,,,,,,
68,S12068,,,,,,,,,,,,,,
69,,,,,,,,,,,,,,,
70,,,,,,,,,,,,,,,
ID,MEM NO,START DATE,EXPIRE DATE,AMT,SALES,PACKAGE,TITLE,NAME,CONDO/HSE,ROOM/UNIT,MOBILE,EMAIL
1,PTY2401,2024-09-01,2021-08-01,2000,JUSTIN ,"2,000
(PACKAGE)",MR,AIDEN,UNICCA CONDO,2110,+66 81 313 8773 ,
2,PTY2402,2024-10-02,2025-01-04,2000,GOONG,"2,000(PACKAGE)",MR,GRAEME WILLIAMS,JOMTIEN CODOTEL,11/319,+66 89 096 1069,
3,PTY2403,26/10/24,25/04/25,6000,GOONG,"6,000 + 600 (PACKAGE)",MR,GIOVANNI,ZIRV WONGMAT,3502,.+66 83 991 5054,
4,PTY2404,16/11/24,14/5/25,2000,GOONG,"2,000 (PACKAGE)",MR,CHAYUT,,,+66 81 628 0744,
5,PTY2405,1/12/24,,2000,GOONG,"2,000 (PACKAGE)",MR,ABDUL,LA ROYALE BEACH CONDOMINIUM,,+66 62 596 8007,
6,PTY2406,3/12/24,,3000,GOONG,"3,000 + 150 (PACKAGE)",MR,MORO CAROSSO,JOMTIEN COMPLEX,,+66 63 539 7218,
7,PTY2407,4/12/24,,2000,GOONG,"2,000 (PACKAGE)",MS. ,GAM,CITY GARDEN OLYMPUS CONDO,,+66 95 949 5453,
8,PTY2408,6/12/24,,6000,GOONG,"6,000 + 600 (PACKAGE)",MR,HUMBERTO MARTINEE,COPACABANA BEACH JOMTIEN,,+312 952 7753,
9,PTY2409,17/1/25,,3000,GOONG,"3,000 + 150 (PACKAGE)",MR,WIN,Villa Asiatic,,+66 85 989 9782,
10,PTY2410,21/1/25,,2000,GOONG,"2,000 (PACKAGE)",MS. ,NAN,,,+66 80 665 4535,
11,PTY2411,25/1/25,,2000,GOONG,"2,000 (PACKAGE)",MS. ,INNA,,,+66 92 267 2167,
12,PTY2412,05/2/25,,2000,GOONG,"2,000 (PACKAGE)",MR,RYAD,JP Village  Hotel,,+33602721737,
13,PTY2413,09/2/25,,2000,GOONG,"2,000 (PACKAGE)",MR,TANNER,,,+16047892901,
14,PTY2414,13/02/25,,5000,GOONG,"5,000 + 300 (PACKAGE)",MR,JORDEN,HAMITTON,,+34607736595,
15,PTY2415,6/3/25,,2000,MAI,"2,000 (PACKAGE)",MS. ,AREEYA,,,+66 63 469 9389,
16,PTY2416,27/3/25,,2000,GOONG,"2,000 (PACKAGE)",MS. ,LATANY,THOMTON,,+12144488995,
17,PTY2417,1/4/25,,2000,MAI,"2,000 (PACKAGE)",MR.,MOTI,PEREZ,,+17024431733,
18,PTY2418,14/5/25,,2000,GOONG,"2,000 (PACKAGE)",MR.,TA,,,+66 98 424 3766,
19,PTY2419,14/5/25,,4000,GOONG,"3,000 + 150 (PACKAGE)",MS. ,PINK,,,+66 65 414 8366,
20,PTY2420,5/6/25,,2000,GOONG,"2,000 (PACKAGE)",MR.,STEFAN,SAND CONDO,,+66 82 333 2002,
21,PTY2421,1/07/25,,2000,MAI,"2,000 (PACKAGE)",MR.,TERRY,ALEXANDER,,+82 618 2820,
22,PTY2422,5/07/25,,3000,GOONG,"3,000 + 150 (PACKAGE)",MS. ,NEWS,,,+66 95 536 5463,
23,PTY2423,15/07/25,,2000,MAI,"2,000 (PACKAGE)",MR.,JAL,MOVEN PICK ,210,+66 92 590 2665,
24,PTY2424,19/07/25,,2000,GOONG,"2,000 (PACKAGE)",MS. ,PEAR,CITY GARDEN,724,+66 63 574 2645,
25,PTY2425,25/07/25,,2000,GOONG,"2,000 (PACKAGE)",MR.,SUN,,,+66 95 456 7111,
26,PTY2426,15/9/25,,3000,GOONG,"3,000 + 150 (PACKAGE)",MR,VINCENT SHI,,,+8615229064,
27,PTY2427,18/9/25,,3000,GOONG,"3,000 + 150 (PACKAGE)",MR,CARLOS,,,+66 64 187 6667,ยกยอดจากระบบเดิม
28,PTY2428,2025-02-10,,10000,MAI,"10,000 + 1,500 (PACKAGE)",MR,RON WESTON,MOVEN PICK ,,+66 81 002 8207,
29,PTY2429,2025-08-10,,2000,GOONG,"2,000 (PACKAGE)",MR,JAYWANT PATIL,THE PALM WONGAMAT,502,+66 80 916 3966,
30,PTY2430,2025-11-10,,3000,GOONG,"3,000 + 150 (PACKAGE)",MR,MAXIMILION,,,+49 170 967 1580,
31,PTY2431,13/12/25,,2000,GOONG,"2,000 (PACKAGE)",MR,RICHARD NARIS,,,+0624341207,
32,PTY2432,16/12/25,,2000,GOONG,"2,000 (PACKAGE)",MR,DANEL,,,+4473004020015,
33,PTY2433,17/12/25,,10000,MAI,"10,000 + 1,500 (PACKAGE)",MR,CHANTEL,,,,
34,PTY2434,20/12/25,,3000,GOONG,"3,000 + 150 (PACKAGE)",MR.,KHIM,,,+66641297481,
35,PTY2435,2026-04-03,,2000,NOK,"2,000 (PACKAGE)",K.,Mitchell Carson,The Riviera Ocean Drive,,+17255772513,
36,PTY2436,29/4/26,,2000,,"2,000 (PACKAGE)",K.,Lina De Petro,,,+61488488823,
37,PTY2437,20/5/26,,5000,NOK,"5,000 + 300 (PACKAGE)",K.,NATTAMON,10/99 winston village pattaya,,0909445978,
38,PTY2438,22/6/26,,3000,,"3,000 + 150 (PACKAGE)",K.,K.ELENA,,,0957377522,
39,PTY2439,2026-04-04,,2000,NOK,"2,000 (PACKAGE)",K.,COATES,,,+61421581962,
40,PTY2440,2026-11-08,,6000,MAI,"6,000 + 600 (PACKAGE)",K.,KAORI,,,.+66617811199,
41,PTY2441,2026-08-09,,3000,MAI,"3,000 + 150 (PACKAGE)",K.,ALEXANDER GUIOT PTY,,,.+32471048729,
42,PTY2442,,,,,"3,000 + 150 (PACKAGE)",,,,,,
43,PTY2443,,,,,"3,000 + 150 (PACKAGE)",,,,,,
